word1,word2,word3,n,unique_ids,unique_authors
air_temp,time,plot,135,7,1
albedo,rn,air_temp,135,7,1
batt_volt,ptemp,targetmv,135,7,1
cnr4_t_c,cnr4_t_k,long_up_corr,135,7,1
cnr4_t_k,long_up_corr,long_dn_corr,135,7,1
count,ndvi,sandvi,135,7,1
long_dn,cnr4_t_c,cnr4_t_k,135,7,1
long_dn_corr,rs_net,rl_net,135,7,1
long_up,long_dn,cnr4_t_c,135,7,1
long_up_corr,long_dn_corr,rs_net,135,7,1
plot,count,ndvi,135,7,1
ptemp,targetmv,sbtempc,135,7,1
record,batt_volt,ptemp,135,7,1
rl_net,albedo,rn,135,7,1
rn,air_temp,time,135,7,1
rs_net,rl_net,albedo,135,7,1
sbtempc,targtempc,short_up,135,7,1
short_dn,long_up,long_dn,135,7,1
short_up,short_dn,long_up,135,7,1
targetmv,sbtempc,targtempc,135,7,1
targtempc,short_up,short_dn,135,7,1
time,plot,count,135,7,1
timestamp,record,batt_volt,135,7,1
ndvi,sandvi,tram_distance,134,6,1
sandvi,tram_distance,dist_corr,132,5,1
dist_corr,timestamp,record,128,4,1
tram_distance,dist_corr,timestamp,127,3,1
dissolved,oxygen,dissolved,101,3,3
oxygen,dissolved,oxygen,101,3,3
depth,pressure,temperature,99,1,1
dissolved,oxygen,percent,99,1,1
pressure,temperature,salinity,99,1,1
salinity,dissolved,oxygen,99,1,1
temperature,salinity,dissolved,99,1,1
oxygen,percent,depth,98,1,1
percent,depth,pressure,98,1,1
1,conductivity,probe,46,1,1
1,salinity,probe,46,1,1
1,temperature,probe,46,1,1
2,conductivity,probe,46,1,1
2,longitude,latitude,46,1,1
2,oxygen,salinity,46,1,1
conductivity,probe,1,46,1,1
conductivity,probe,2,46,1,1
latitude,date,cast,46,1,1
longitude,latitude,date,46,1,1
oxygen,salinity,probe,46,1,1
pressure,temperature,probe,46,1,1
probe,1,conductivity,46,1,1
probe,1,salinity,46,1,1
probe,1,temperature,46,1,1
probe,2,conductivity,46,1,1
probe,2,longitude,46,1,1
probe,2,oxygen,46,1,1
salinity,probe,1,46,1,1
salinity,probe,2,46,1,1
temperature,probe,1,46,1,1
temperature,probe,2,46,1,1
cast,pressure,temperature,45,1,1
date,cast,pressure,45,1,1
depth,depth,depth,39,1,1
meter,simulated,firn,36,1,1
model,layer,time,36,1,1
layer,time,depth,35,1,1
difference,vegetation,index,24,12,1
normalized,difference,vegetation,24,12,1
short,wave,radiation,24,12,1
wave,radiation,corrected,24,12,1
wave,radiation,downwelling,24,12,1
agc_avg,c_spike,q_spike,23,23,2
albedo,albedo_f,rnet,23,23,2
albedo_f,rnet,rnet_f,23,23,2
amp_h_f_tot,amp_l_f_tot,chopper_f_tot,23,23,2
amp_l_f_tot,chopper_f_tot,detector_f_tot,23,23,2
battvolt_avg,battvolt_min,tpanel,23,23,2
battvolt_min,tpanel,n_tot,23,23,2
c_spike,q_spike,u_spike,23,23,2
c_stationarity,q_stationarity,t_stationarity,23,23,2
chopper_f_tot,detector_f_tot,pll_f_tot,23,23,2
co2,co2_f,co2_gf,23,23,2
co2_1,co2_1_f,co2_1_gf,23,23,2
co2_1_f,co2_1_gf,h2o_1,23,23,2
co2_1_gf,h2o_1,h2o_1_f,23,23,2
co2_f,co2_gf,rhocp,23,23,2
co2_gf,rhocp,ust,23,23,2
csat_error,c_stationarity,q_stationarity,23,23,2
csat_warnings,irga_warnings,del_t_f,23,23,2
del_t_f,sig_lck_f_tot,amp_h_f_tot,23,23,2
detector_f_tot,pll_f_tot,sync_f_tot,23,23,2
dom,hhmm,timestamp,23,23,2
doy,month,dom,23,23,2
ebc,ta_1,ta_1_f,23,23,2
fc,zol,uw_freqr,23,23,2
fc_c,wpl_le,le_cw,23,23,2
fc_cw,fc_cw_f,fc_cw_gf,23,23,2
fc_cw_f,fc_cw_gf,fc_cwb_gf,23,23,2
fc_cw_gf,fc_cwb_gf,fc_cwbu_gf,23,23,2
fcle_freqresp,uw_c,tau_c,23,23,2
footp,ebc,ta_1,23,23,2
g1,g1_f,g1_gf,23,23,2
g1_f,g1_gf,g2,23,23,2
g1_gf,g2,g2_f,23,23,2
g2,g2_f,g2_gf,23,23,2
g2_f,g2_gf,g3,23,23,2
g2_gf,g3,g3_f,23,23,2
g3,g3_f,g3_gf,23,23,2
g3_f,g3_gf,g4,23,23,2
g3_gf,g4,g4_f,23,23,2
g4,g4_f,g4_gf,23,23,2
g4_f,g4_gf,swc_1,23,23,2
g4_gf,swc_1,swc_1_f,23,23,2
h_c,h_c_f,h_c_gf,23,23,2
h_c_f,h_c_gf,le_c,23,23,2
h_c_gf,le_c,fc_c,23,23,2
h_freqresp,fcle_freqresp,uw_c,23,23,2
h2o_1,h2o_1_f,h2o_1_gf,23,23,2
h2o_1_f,h2o_1_gf,rg,23,23,2
h2o_1_gf,rg,rg_f,23,23,2
hhmm,timestamp,record,23,23,2
irga_error,csat_error,c_stationarity,23,23,2
irga_warnings,del_t_f,sig_lck_f_tot,23,23,2
le,fc,zol,23,23,2
le_c,fc_c,wpl_le,23,23,2
le_cw,le_cw_f,le_cw_gf,23,23,2
le_cw_f,le_cw_gf,wpl_fc,23,23,2
le_cw_gf,wpl_fc,fc_cw,23,23,2
month,dom,hhmm,23,23,2
n_tot,csat_warnings,irga_warnings,23,23,2
pa,ws,ws_f,23,23,2
pa_1,vp_1,vp_1_f,23,23,2
par,par_f,par_gf,23,23,2
par_f,par_gf,par_totflx_tot,23,23,2
par_gf,par_totflx_tot,par_out,23,23,2
par_out,par_out_f,par_out_gf,23,23,2
par_out_f,par_out_gf,par_out_totflx_tot,23,23,2
par_out_gf,par_out_totflx_tot,precip,23,23,2
par_out_totflx_tot,precip,precip_f,23,23,2
par_totflx_tot,par_out,par_out_f,23,23,2
pll_f_tot,sync_f_tot,agc_avg,23,23,2
precip,precip_f,snowd,23,23,2
precip_f,snowd,snowd_f,23,23,2
q_spike,u_spike,v_spike,23,23,2
q_stationarity,t_stationarity,sdv,23,23,2
record,battvolt_avg,battvolt_min,23,23,2
rg,rg_f,rg_gf,23,23,2
rg_f,rg_gf,rg_out,23,23,2
rg_gf,rg_out,rg_out_f,23,23,2
rg_out,rg_out_f,rg_out_gf,23,23,2
rg_out_f,rg_out_gf,rl,23,23,2
rg_out_gf,rl,rl_f,23,23,2
rh,rh_f,rh_gf,23,23,2
rh_f,rh_gf,co2_1,23,23,2
rh_gf,co2_1,co2_1_f,23,23,2
rl,rl_f,rl_gf,23,23,2
rl_f,rl_gf,rl_out,23,23,2
rl_gf,rl_out,rl_out_f,23,23,2
rl_out,rl_out_f,rl_out_gf,23,23,2
rl_out_f,rl_out_gf,albedo,23,23,2
rl_out_gf,albedo,albedo_f,23,23,2
rnet,rnet_f,rnet_gf,23,23,2
rnet_f,rnet_gf,par,23,23,2
rnet_gf,par,par_f,23,23,2
sdv,footp,ebc,23,23,2
sig_lck_f_tot,amp_h_f_tot,amp_l_f_tot,23,23,2
signal_quality,g1,g1_f,23,23,2
snowd,snowd_f,snowd_gf,23,23,2
snowd_f,snowd_gf,signal_quality,23,23,2
snowd_gf,signal_quality,g1,23,23,2
solar_elevation,pa,ws,23,23,2
swc_1,swc_1_f,swc_1_gf,23,23,2
swc_1_f,swc_1_gf,swc_2,23,23,2
swc_1_gf,swc_2,swc_2_f,23,23,2
swc_2,swc_2_f,swc_2_gf,23,23,2
swc_2_f,swc_2_gf,tsoil_1,23,23,2
swc_2_gf,tsoil_1,tsoil_1_f,23,23,2
sync_f_tot,agc_avg,c_spike,23,23,2
t_spike,irga_error,csat_error,23,23,2
t_stationarity,sdv,footp,23,23,2
ta,ta_f,ta_gf,23,23,2
ta_1,ta_1_f,ta_1_gf,23,23,2
ta_1_f,ta_1_gf,pa_1,23,23,2
ta_1_gf,pa_1,vp_1,23,23,2
ta_f,ta_gf,vp,23,23,2
ta_gf,vp,vp_f,23,23,2
tau,le,fc,23,23,2
tau_c,h_c,h_c_f,23,23,2
timestamp,record,battvolt_avg,23,23,2
tpanel,n_tot,csat_warnings,23,23,2
tsoil_1,tsoil_1_f,tsoil_1_gf,23,23,2
tsoil_1_f,tsoil_1_gf,tsoil_2,23,23,2
tsoil_1_gf,tsoil_2,tsoil_2_f,23,23,2
tsoil_2,tsoil_2_f,tsoil_2_gf,23,23,2
tsoil_2_f,tsoil_2_gf,tsurf,23,23,2
tsoil_2_gf,tsurf,tsurf_f,23,23,2
tsurf,tsurf_f,tsurf_gf,23,23,2
tsurf_f,tsurf_gf,ws_1,23,23,2
tsurf_gf,ws_1,ws_1_f,23,23,2
u_spike,v_spike,w_spike,23,23,2
uw,tau,le,23,23,2
uw_c,tau_c,h_c,23,23,2
uw_freqr,h_freqresp,fcle_freqresp,23,23,2
v_spike,w_spike,t_spike,23,23,2
vp,vp_f,vp_gf,23,23,2
vp_1,vp_1_f,vp_1_gf,23,23,2
vp_1_f,vp_1_gf,vpd,23,23,2
vp_1_gf,vpd,vpd_f,23,23,2
vp_f,vp_gf,co2,23,23,2
vp_gf,co2,co2_f,23,23,2
vpd,vpd_f,vpd_gf,23,23,2
vpd_f,vpd_gf,rh,23,23,2
vpd_gf,rh,rh_f,23,23,2
w_spike,t_spike,irga_error,23,23,2
wd,wd_f,wd_gf,23,23,2
wd_1,wd_1_f,wd_1_gf,23,23,2
wd_1_f,wd_1_gf,solar_elevation,23,23,2
wd_1_gf,solar_elevation,pa,23,23,2
wd_f,wd_gf,ta,23,23,2
wd_gf,ta,ta_f,23,23,2
wpl_fc,fc_cw,fc_cw_f,23,23,2
wpl_le,le_cw,le_cw_f,23,23,2
ws,ws_f,ws_gf,23,23,2
ws_1,ws_1_f,wd_1,23,23,2
ws_1_f,wd_1,wd_1_f,23,23,2
ws_f,ws_gf,wd,23,23,2
ws_gf,wd,wd_f,23,23,2
zol,uw_freqr,h_freqresp,23,23,2
aux_1,aux_2,aux_3,21,21,2
aux_2,aux_3,aux_4,21,21,2
aux_3,aux_4,aux_5,21,21,2
aux_4,aux_5,aux_6,21,21,2
billion,ppb,source,21,1,1
fc_cwb_gf,fc_cwbu_gf,aux_1,21,21,2
fc_cwbu_gf,aux_1,aux_2,21,21,2
depth,lake,depth,17,1,1
lake,depth,lake,17,1,1
mole,fraction,time,16,1,1
ozone,mole,fraction,16,1,1
time,ozone,mole,16,1,1
acetylene,mixing,ratio,15,1,1
avg_cloudfraction,short,cloudphasemask,15,15,1
avg_iceeffectiveradius,float,avg_cloudfraction,15,15,1
avg_liqeffectiveradius,float,avg_iceeffectiveradius,15,15,1
avg_retrieved_iwc,float,avg_liqeffectiveradius,15,15,1
avg_retrieved_lwc,float,avg_retrieved_iwc,15,15,1
base,time,double,15,15,1
cloudphasemask,short,cloudretrievalmask,15,15,1
cloudretrievalmask,short,instruments,15,15,1
double,time,offset,15,15,1
ethane,mixing,ratio,15,1,1
float,alt,record,15,15,1
float,avg_cloudfraction,short,15,15,1
float,avg_iceeffectiveradius,float,15,15,1
float,avg_liqeffectiveradius,float,15,15,1
float,avg_retrieved_iwc,float,15,15,1
float,avg_retrieved_lwc,float,15,15,1
float,heights,float,15,15,1
float,lat,record,15,15,1
fraction,time,ozone,15,1,1
heights,float,avg_retrieved_lwc,15,15,1
instruments,float,lat,15,15,1
integer,base,time,15,15,1
lat,record,float,15,15,1
offset,float,heights,15,15,1
record,float,alt,15,15,1
short,cloudphasemask,short,15,15,1
short,cloudretrievalmask,short,15,15,1
short,instruments,float,15,15,1
time,double,time,15,15,1
time,offset,float,15,15,1
agc,co2,albedo_f,14,14,1
albedo_f,ws_1,wd,14,14,1
co2,albedo_f,ws_1,14,14,1
doy,hour,fc_cw,14,14,1
e_0,r_ref,reco,14,14,1
fc,fc_freqr,rg_f,14,14,1
fc_cw,qc_fc_cw,fc_cwu_f,14,14,1
fc_cwu_f,fc_cwu_gf,qc_fc_cwu_gf,14,14,1
fc_freqr,rg_f,rg_gf,14,14,1
fp_neenight,fp_temp,e_0,14,14,1
fp_temp,e_0,r_ref,14,14,1
g1_f,g2_f,g3_f,14,14,1
g2_f,g3_f,g4_f,14,14,1
h_c_f,qc_h_c_f,h_c_gf,14,14,1
h_c_gf,qc_h_c_gf,ust,14,14,1
h_freqr,le,le_freqr,14,14,1
hour,fc_cw,qc_fc_cw,14,14,1
le,le_freqr,fc,14,14,1
le_cw_f,qc_le_cw_f,le_cw_gf,14,14,1
le_cw_gf,qc_le_cw_gf,h_c_f,14,14,1
le_freqr,fc,fc_freqr,14,14,1
par_f,par_out_f,precip,14,14,1
potrad,fp_neenight,fp_temp,14,14,1
qc_fc_cw,fc_cwu_f,fc_cwu_gf,14,14,1
qc_h_c_f,h_c_gf,qc_h_c_gf,14,14,1
qc_le_cw_f,le_cw_gf,qc_le_cw_gf,14,14,1
qc_le_cw_gf,h_c_f,qc_h_c_f,14,14,1
qc_rg_gf,vpd_f,vpd_gf,14,14,1
qc_rh_gf,ta_f,ta_gf,14,14,1
qc_tau_c,tau,tau_freqr,14,14,1
qc_vpd_gf,rh_f,rh_gf,14,14,1
r_ref,reco,reco_f,14,14,1
reco,reco_f,gpp,14,14,1
reco_f,gpp,gpp_f,14,14,1
rg_f,rg_gf,qc_rg_gf,14,14,1
rg_gf,qc_rg_gf,vpd_f,14,14,1
rh_f,rh_gf,qc_rh_gf,14,14,1
rh_gf,qc_rh_gf,ta_f,14,14,1
rnet_f,par_f,par_out_f,14,14,1
ta_f,ta_gf,qc_ta_gf,14,14,1
tau_c,qc_tau_c,tau,14,14,1
vpd_f,vpd_gf,qc_vpd_gf,14,14,1
vpd_gf,qc_vpd_gf,rh_f,14,14,1
fc_cwbnegu_f,fc_cwbnegu_gf,qc_fc_cwbnegu_gf,13,13,1
par_out_f,precip,snowd_f,13,13,1
precip,snowd_f,g1_f,13,13,1
radiation,air,temperature,13,13,2
snowd_f,g1_f,g2_f,13,13,1
air,temperature,time,12,12,1
albedo,total,net,12,12,1
battery,voltage,datalogger,12,12,1
cm,corrected,tram,12,12,1
corrected,tram,distance,12,12,1
count,normalized,difference,12,12,1
datalogger,panel,temperature,12,12,1
depth,utm,easting,12,1,1
detector,sensor,body,12,12,1
detrital,particulate,organic,12,1,1
downwelling,wave,radiation,12,12,1
easting,utm,northing,12,1,1
index,standardized,normalized,12,12,1
index,tram,distance,12,12,1
infrared,detector,sensor,12,12,1
net,radiation,air,12,12,1
net,short,wave,12,12,1
panel,temperature,mv,12,12,1
qc_ta_gf,tsoil_f,tsoil_gf,12,12,1
qc_tsoil_gf,pa_1,rg_out_f,12,12,1
radiation,albedo,total,12,12,1
radiation,cnr4,temperature,12,12,1
radiation,downwelling,wave,12,12,1
rotation,count,normalized,12,12,1
sensor,body,temperature,12,12,1
speed,net,short,12,12,1
standardized,normalized,difference,12,12,1
ta_gf,qc_ta_gf,tsoil_f,12,12,1
temperature,mv,output,12,12,1
temperature,time,plot,12,12,1
thermopile,infrared,detector,12,12,1
total,net,radiation,12,12,1
transect,cm,corrected,12,12,1
tsoil_f,tsoil_gf,qc_tsoil_gf,12,12,1
tsoil_gf,qc_tsoil_gf,pa_1,12,12,1
upwelling,short,wave,12,12,1
utm,easting,utm,12,1,1
utm,northing,depth,12,1,1
vegetation,index,standardized,12,12,1
vegetation,index,tram,12,12,1
voltage,datalogger,panel,12,12,1
wave,radiation,albedo,12,12,1
wave,radiation,cnr4,12,12,1
wave,radiation,net,12,12,1
wave,radiation,upwelling,12,12,1
wd,cs616_1,cs616_2,12,12,1
wheel,rotation,count,12,12,1
wind,speed,downwelling,12,12,1
wind,speed,net,12,12,1
ws_1,wd,cs616_1,12,12,1
gpp,gpp_f,gpp_fqc,11,11,1
latitude,longitude,habitat,11,8,1
longitude,habitat,type,11,8,1
specific,conductance,profile,11,1,1
bottom,depth,gas,10,1,1
date,time,height,10,1,1
depth,bottom,depth,10,1,1
depth,gas,age,10,1,1
habitat,type,station,10,7,1
ice,core,depth,10,2,2
mixing,ratio,acetylene,10,1,1
mixing,ratio,error,10,1,1
ratio,acetylene,mixing,10,1,1
temperature,salinity,pressure,10,2,2
top,depth,bottom,10,1,1
conductivity,potential,temperature,9,1,1
data,package,id,9,9,1
datetime,temperature,conductivity,9,1,1
fc_cwbu_f,fc_cwbu_gf,qc_fc_cwbu_gf,9,9,1
fc_cwbu_gf,qc_fc_cwbu_gf,fc_cwbnegu_f,9,9,1
fc_cwu_gf,qc_fc_cwu_gf,fc_cwbu_f,9,9,1
firn,liquid,water,9,1,1
firn,temperature,measurement,9,1,1
firn,temperature,measurements,9,1,1
kg,m3,index,9,1,1
liquid,water,content,9,1,1
measurement,level,time,9,1,1
measurements,firn,temperature,9,1,1
meter,water,equivalent,9,1,1
number.of.node,thaw.depth,cm,9,1,1
pa_1,rg_out_f,rlong_f,9,9,1
potential,temperature,salinity,9,1,1
ppb,source,bb,9,1,1
qc_fc_cwbu_gf,fc_cwbnegu_f,fc_cwbnegu_gf,9,9,1
qc_fc_cwu_gf,fc_cwbu_f,fc_cwbu_gf,9,9,1
rg_out_f,rlong_f,rlong_out_f,9,9,1
rlong_f,rlong_out_f,rnet_f,9,9,1
rlong_out_f,rnet_f,par_f,9,9,1
simulated,firn,compaction,9,1,1
simulated,firn,density,9,1,1
simulated,firn,liquid,9,1,1
simulated,firn,temperature,9,1,1
surname,role,begin,9,9,1
swc_1_f,swc_2_f,tsoil_2_f,9,9,1
swc_2_f,tsoil_2_f,agc,9,9,1
temperature,conductivity,potential,9,1,1
temperature,measurement,level,9,1,1
temperature,measurements,firn,9,1,1
tsoil_2_f,agc,co2,9,9,1
water,equivalent,index,9,1,1
cm,number.of.node,thaw.depth,8,1,1
date,time,recorded,8,1,1
depth,eastward,velocity,8,1,1
eastward,velocity,northward,8,1,1
ebc,tau_c,qc_tau_c,8,8,1
fc_cwbexpu_f,fc_cwbexpu_gf,qc_fc_cwbexpu_gf,8,8,1
fc_cwbexpu_gf,qc_fc_cwbexpu_gf,le_cw_f,8,8,1
fc_cwbnegu_gf,qc_fc_cwbnegu_gf,fc_cwbexpu_f,8,8,1
firn,air,content,8,1,1
g1_str,g2_str,swc_1_f,8,8,1
g2_str,swc_1_f,swc_2_f,8,8,1
g3_f,g4_f,g1_str,8,8,1
g4_f,g1_str,g2_str,8,8,1
lagoon,station,sampling,8,7,1
level,time,depth,8,1,1
node,station,lagoon,8,7,1
northing,depth,utm,8,1,1
pressure,datetime,temperature,8,1,1
qc_fc_cwbexpu_gf,le_cw_f,qc_le_cw_f,8,8,1
qc_fc_cwbnegu_gf,fc_cwbexpu_f,fc_cwbexpu_gf,8,8,1
qc_h_c_gf,ust,ebc,8,8,1
salinity,pressure,datetime,8,1,1
sampling,season,date,8,7,1
site,viper,site,8,1,1
station,lagoon,station,8,7,1
station,node,station,8,7,1
station,sampling,priority,8,7,1
station,sampling,season,8,7,1
thaw.depth,cm,number.of.node,8,1,1
type,station,sampling,8,7,1
ust,ebc,tau_c,8,8,1
velocity,northward,velocity,8,1,1
water,column,position,8,8,2
date,latitude,longitude,7,3,3
g1,t2,g2,7,4,1
g2,t3,g3,7,4,1
g3,t4,g4,7,4,1
g4,t5,g5,7,4,1
g5,t6,g6,7,4,1
latitude,longitude,date,7,4,4
season,date,collected,7,6,1
station,date,time,7,1,1
station,latitude,longitude,7,3,3
t1,g1,t2,7,4,1
t2,g2,t3,7,4,1
t3,g3,t4,7,4,1
t4,g4,t5,7,4,1
t5,g5,t6,7,4,1
viper,site,transect,7,1,1
carbon,dioxide,concentration,6,1,1
collected,water,column,6,6,1
concentration,vaisala,probe,6,1,1
content,decagon,probe,6,1,1
date,collected,water,6,6,1
dioxide,concentration,vaisala,6,1,1
dissolved,organic,carbon,6,5,4
g3_f,g4_f,swc_1_f,6,6,1
g4_f,swc_1_f,swc_2_f,6,6,1
ghaas,river,basin,6,2,2
microcat,salinity,microcat,6,2,1
microcat,temperature,microcat,6,2,1
percent,site,viper,6,1,1
ph,sami,ph,6,2,1
pore,space,carbon,6,1,1
qc_h_c_gf,ust,tau_c,6,6,1
river,basin,id,6,2,2
salinity,microcat,depth,6,2,1
sami,ph,date,6,2,1
sami,ph,sami,6,2,1
scale,vegetation,classification,6,1,1
soil,pore,space,6,1,1
soil,temperature,decagon,6,1,1
soil,temperature,vaisala,6,1,1
soil,water,content,6,1,1
space,carbon,dioxide,6,1,1
temperature,decagon,probe,6,1,1
temperature,microcat,salinity,6,2,1
temperature,microcat,temperature,6,2,1
temperature,vaisala,probe,6,1,1
time,sami,ph,6,2,1
ust,tau_c,qc_tau_c,6,6,1
water,content,decagon,6,1,1
age,ethane,mixing,5,1,1
co2,temperature,microcat,5,2,1
collection,method,station,5,5,1
core,identification,top,5,1,1
core,site,top,5,1,1
corrected,acetylene,mixing,5,1,1
cs616_1,cs616_2,potrad,5,5,1
cs616_2,potrad,fp_neenight,5,5,1
date,depth,eastward,5,1,1
error,ethane,mixing,5,1,1
error,ice,core,5,1,1
error,solubility,corrected,5,1,1
ethane,error,ice,5,1,1
fc_cwbnegu_gf,qc_fc_cwbnegu_gf,le_cw_f,5,5,1
g6,t7,g7,5,3,1
gas,age,ethane,5,1,1
ice,core,site,5,1,1
identification,top,depth,5,1,1
mixing,ratio,ethane,5,1,1
pa_1,rg_out_f,rnet_f,5,5,1
pco2,sami,co2,5,2,1
pressure,temperature,conductivity,5,1,1
pressure,transducer,time,5,1,1
priority,data,package,5,5,1
qc_fc_cwbnegu_gf,le_cw_f,qc_le_cw_f,5,5,1
ratio,error,ethane,5,1,1
ratio,error,solubility,5,1,1
ratio,ethane,error,5,1,1
rg_out_f,rnet_f,par_f,5,5,1
sami,co2,date,5,2,1
sami,co2,temperature,5,2,1
sami,pco2,sami,5,2,1
sami,ph,temperature,5,2,1
sample,gas,age,5,1,1
sampling,priority,data,5,5,1
sea,surface,temperature,5,1,1
site,top,depth,5,1,1
slug,test,depth,5,1,1
solubility,corrected,acetylene,5,1,1
surface,temperature,super,5,1,1
t6,g6,t7,5,3,1
temperature,conductivity,salinity,5,1,1
time,sami,pco2,5,2,1
transducer,time,height,5,1,1
2,specific,conductance,4,1,1
ci,ctleaf,pari,4,2,1
class,level,taxonomic,4,1,1
cloud,top,pressure,4,2,1
co2,system,sbe45,4,1,1
conductivity,salinity,pressure,4,1,1
cs616_1,cs616_2,t_surface,4,4,1
date,day,tussock,4,2,1
day,tussock,site,4,2,1
depth,date,time,4,2,2
depth,depth,utm,4,1,1
depth,melt,layer,4,1,1
depth,o2,sami,4,2,1
dominant,taxa,class,4,1,1
ecotype,tussock,treatment,4,2,1
fc_cwu_gf,qc_fc_cwu_gf,fc_cwbnegu_f,4,4,1
foliar,material,collected,4,1,1
hummock,soil,temperature,4,2,1
latitude,longitude,ghaas,4,2,2
latitude,longitude,salinity,4,1,1
level,taxonomic,rank,4,1,1
longitude,date,time,4,1,1
longitude,ghaas,river,4,2,2
melt,layer,thickness,4,1,1
microcat,depth,o2,4,2,1
mixing,ratio,core,4,1,1
modis,cloud,top,4,2,1
month,latitude,longitude,4,2,2
nitrate,nitrite,concentration,4,1,1
nm,reflectance,intensity,4,4,1
northward,velocity,date,4,1,1
o2,sami,ph,4,2,1
oxygen,18,isotope,4,3,2
photo,ci,ctleaf,4,2,1
ppb,source,ff,4,1,1
pressure,transducer,date,4,1,1
pressure,transducer,slug,4,1,1
qc_fc_cwu_gf,fc_cwbnegu_f,fc_cwbnegu_gf,4,4,1
ratio,core,identification,4,1,1
salinity,pressure,temperature,4,1,1
site,melt,layer,4,1,1
specific,conductance,time,4,1,1
super,co2,atmospheric,4,1,1
swale,soil,temperature,4,2,1
swc_1_f,swc_2_f,tsoil_2,4,4,1
swc_2_f,tsoil_2,agc,4,4,1
system,sbe45,salinity,4,1,1
taxa,class,level,4,1,1
temperature,super,co2,4,1,1
thickness_cm,shielding,quartz_g,4,2,1
top,pressure,retrieved,4,2,1
transducer,date,time,4,1,1
transducer,slug,test,4,1,1
treatment,photo,ci,4,2,1
tsoil_2,agc,co2,4,4,1
tussock,treatment,photo,4,2,1
velocity,date,depth,4,1,1
wavelength,nm,reflectance,4,4,1
2_s,1,rain_mm,3,3,1
3,specific,conductance,3,1,1
4,specific,conductance,3,1,1
5,specific,conductance,3,1,1
6,specific,conductance,3,1,1
7,specific,conductance,3,1,1
aerosol,optical,depth,3,2,1
air,content,uncertainty,3,1,1
airtemp_2m_c,rh_2m_,ppfd_umols_m,3,3,1
atmospheric,pc02,calculated,3,1,1
background,specific,conductance,3,1,1
calculated,flux,latitude,3,1,1
co2,atmospheric,pc02,3,1,1
coarse,scale,vegetation,3,1,1
cs616_1,cs616_2,ch4_flux,3,3,1
cs616_2,ch4_flux,qc_ch4_flux,3,3,1
date,time,airtemp_2m_c,3,3,1
date,time,tree1_dt_c,3,3,1
date,time,tsurf,3,1,1
day,hour,minute,3,1,1
day,sea,surface,3,1,1
delta,carbon,13,3,1,1
delta,oxygen,18,3,2,2
depth,depth,eastward,3,1,1
down_conn,total_conn,surf_geol,3,1,1
east,north,america,3,1,1
fid,zone,catch_id,3,1,1
fine,scale,vegetation,3,1,1
flux,latitude,longitude,3,1,1
g7,t8,g8,3,2,1
g8,t9,g9,3,2,1
gpp,gpp_f,qc_gpp,3,3,1
latitude,longitude,elevation,3,2,2
layer,thickness,ice,3,1,1
longitude,salinity,wind,3,1,1
measurement,date,latitude,3,1,1
mineral,soil,temperature,3,2,1
mole,fraction,iodine,3,1,1
month,day,hour,3,1,1
ndvi,t1,ndvi,3,2,1
ndvi,t2,ndvi,3,2,1
northing,depth,depth,3,1,1
notes,station,latitude,3,1,1
organic,carbon,total,3,3,2
pamir,ice,core,3,1,1
pc02,calculated,flux,3,1,1
pctlakeare,up_conn,down_conn,3,1,1
perimeter,totallakes,pctlakeare,3,1,1
ppfd_umols_m,2_s,1,3,3,1
pressure,sea,pressure,3,2,2
profile,1,time,3,1,1
profile,2,time,3,1,1
profile,3,time,3,1,1
profile,4,time,3,1,1
profile,5,specific,3,1,1
profile,5,time,3,1,1
profile,6,time,3,1,1
rh_2m_,ppfd_umols_m,2_s,3,3,1
salinity,wind,velocity,3,1,1
sea,pressure,depth,3,2,2
site,transect,dead,3,1,1
site,transect,live,3,1,1
standard,deviation,depth,3,1,1
t_10cm,t_20cm,t_40cm,3,3,1
t_5cm,t_10cm,t_20cm,3,3,1
t1,ndvi,t2,3,2,1
t7,g7,t8,3,2,1
t8,g8,t9,3,2,1
temperature,standard,deviation,3,1,1
test,depth,date,3,1,1
thickness,ice,core,3,1,1
time,airtemp_2m_c,rh_2m_,3,3,1
time,block,fence,3,3,1
time,recorded,temperature,3,1,1
time,tree1_dt_c,tree2_dt_c,3,3,1
time,tsurf,veast,3,1,1
timestamp,temperature,standard,3,1,1
total_conn,surf_geol,hydconn,3,1,1
totallakes,pctlakeare,up_conn,3,1,1
tree1_dt_c,tree2_dt_c,tree3_dt_c,3,3,1
tree2_dt_c,tree3_dt_c,tree4_dt_c,3,3,1
tree3_dt_c,tree4_dt_c,tree5_dt_c,3,3,1
tree4_dt_c,tree5_dt_c,tree6_dt_c,3,3,1
tree5_dt_c,tree6_dt_c,tree7_dt_c,3,3,1
tree6_dt_c,tree7_dt_c,tree8_dt_c,3,3,1
tree7_dt_c,tree8_dt_c,tree9_dt_c,3,3,1
tree8_dt_c,tree9_dt_c,tree10_dt_c,3,3,1
tsurf,veast,vnorth,3,1,1
unique,site,identifier,3,2,2
up_conn,down_conn,total_conn,3,1,1
0.5x0.5,degrees,cell,2,2,1
1,10,wave,2,1,1
1,plfa,2,2,1,1
1,specific,conductance,2,1,1
10,11851,2010,2,2,1
10.5194,acp,10,2,2,1
10be_9be_ratio,10be_9be_ratio_uncertainty,blank_corrected_10be_concentration,2,1,1
13co2,14co2,plfa,2,1,1
14co2,plfa,sample,2,1,1
15n,delta,13c,2,1,1
18,isotope,d18o,2,1,1
18,isotope,delta,2,2,1
2,plfa_14c,dd14cplfa,2,1,1
5,cm,depth,2,2,1
700,hpa,temperature,2,2,1
8,specific,conductance,2,1,1
abundance,delta,15n,2,1,1
acp,10,11851,2,2,1
agc_closed,pressdrop,pumponflag,2,2,1
age_ka,age_uncertainty,ams_facility,2,1,1
air,content,top,2,1,1
alk_ueql,pco2_uatm,pch4_uatm,2,2,1
ammonia,concentration,flag,2,1,1
ammonia,concentration,phosphate,2,1,1
ammonium,nitrate,phosphate,2,2,1
average,natural,abundance,2,1,1
avsoilmoisture,block,plot,2,1,1
background,profile,background,2,1,1
baseflow,month,latitude,2,2,2
basin,id,basin,2,2,2
basin,id,date,2,2,2
basin,id,latitude,2,2,2
bd,cm,dbh,2,2,1
belowground,material,twenty,2,1,1
benthic,sediment,grams,2,2,1
billion,mass,concentration,2,1,1
biomass,wet,weight,2,1,1
black,carbon,concentration,2,1,1
block,site,treatment,2,1,1
bn,rc,ct,2,1,1
brightness_temperature,brightness_temperature,brightness_temperature,2,1,1
bromine,mole,fraction,2,1,1
ca_um,mg_um,na_um,2,2,1
calcium,concentration,oxygen,2,1,1
carbon,latitude,longitude,2,2,2
carbon,percent,site,2,1,1
carbon,total,dissolved,2,2,1
cb,pf,en,2,1,1
ce,adjusted,thickness,2,1,1
ch4,flux,replicate,2,1,1
ch4_flux,qc_ch4_flux,rssi,2,2,1
ch4_flux_gf,ch4_flux_gf_qc,rssi,2,2,1
ch4_um,doc_um,nh4_opa_um,2,2,1
chlorine,concentration,calcium,2,1,1
chlorine,mole,fraction,2,1,1
chloroform,fumigated,soil,2,1,1
cloud,droplets,retrieved,2,2,1
cloud,liquid,water,2,2,1
cloud,optical,depth,2,2,1
cloud,top,temperature,2,2,1
cm,dbh,cm,2,2,1
co2,13co2,14co2,2,1,1
co2,alkalinity,pco2,2,1,1
co2_dry,h2o_dry,agc_closed,2,2,1
co2_um,ch4_um,doc_um,2,2,1
column,latitude,longitude,2,2,2
column,position,chlorophyll,2,2,1
column,position,delta,2,2,1
column,position,dissolved,2,2,1
concentration,calcium,concentration,2,1,1
concentration,chlorine,concentration,2,1,1
concentration,collection,method,2,2,1
concentration,magnesium,concentration,2,1,1
concentration,nitrate,nitrite,2,1,1
concentration,oxygen,isotope,2,1,1
concentration,phosphate,concentration,2,1,1
concentration,silicate,concentration,2,1,1
concentration,sodium,concentration,2,1,1
concentration,sulfur,concentration,2,1,1
cond_us,ph,alk_ueql,2,2,1
conduct,salinity,depth,2,1,1
conductance,profile,2,2,1,1
conductance,profile,3,2,1,1
conductance,profile,4,2,1,1
conductivity,density,anomaly,2,1,1
content,top,10,2,1,1
core,black,carbon,2,1,1
core,corrected,intensity,2,1,1
core,depth,density,2,1,1
core,depth,measured,2,1,1
core,depth,water,2,1,1
corner,coordinates,lower,2,1,1
correction,pht,ω_calcite,2,1,1
correction,total,co2,2,1,1
cs616_2,t_surface,ch4_flux,2,2,1
cs616_2,t_surface,potrad,2,2,1
ct,pb,cb,2,1,1
cumulative,discharge,export,2,2,2
current,heading,northward,2,1,1
current,speed,current,2,1,1
data,flag,station,2,1,1
date,day,plot,2,1,1
date,day,site,2,2,1
date,icethickness,snowdepth,2,2,2
date,river,discharge,2,2,2
date,time,pres,2,1,1
date,time_hr_dst,depth_m,2,2,1
day,plot,block,2,1,1
day,site,plot,2,2,1
day,super,2016,2,1,1
days,ammonium,nitrate,2,2,1
decimal,format,measured,2,1,1
delta,15n,delta,2,1,1
delta,carbon,14,2,1,1
delta,deuterium,hydrogen,2,1,1
depth,increment,sample,2,1,1
depth,land,form,2,1,1
depth,length,width,2,1,1
depth,soil,temperature,2,2,2
depth,water,equivalent,2,1,1
depth_m,distance_km,elevation_m,2,2,1
details,doi,10.5194,2,2,1
deuterium,hydrogen,2,2,1,1
deviation,depth,land,2,1,1
discharge,export,ease,2,2,2
discharge,export,river,2,2,2
dissolved,nitrogen,collection,2,2,1
dissolved,oxygen,saturation,2,2,2
distance_km,elevation_m,temp_c,2,2,1
doc_um,nh4_opa_um,po4_um,2,2,1
doi,10.5194,acp,2,2,1
dried,foliar,material,2,1,1
dry,mass,measured,2,1,1
ease,grid,column,2,2,2
ease,grid,row,2,2,2
easting,latitude,longitude,2,1,1
ecotype,treatment,sla,2,2,1
elevation,horizontal,precision,2,1,1
elevation_m,temp_c,cond_us,2,2,1
elevation_m,thickness_cm,shielding,2,1,1
elevation_m_asl,thickness_cm,shielding,2,1,1
equivalent,date,latitude,2,2,2
export,ease,grid,2,2,2
export,river,cumulative,2,2,2
fc_cwb_gf,fc_cwbu_gf,co2_dry,2,2,1
fc_cwbu_gf,co2_dry,h2o_dry,2,2,1
fence,vegetation,type,2,1,1
form,timestamp,temperature,2,1,1
fraction,bromine,mole,2,1,1
fraction,iodine,mole,2,1,1
g6,ndvi,t1,2,1,1
garden,ecotype,treatment,2,2,1
garden,source,tussock,2,2,1
glacier,terminus,location,2,1,1
grain,size,mm,2,1,1
grid,column,latitude,2,2,2
grid,row,ease,2,2,2
h2o_dry,agc_closed,pressdrop,2,2,1
heading,northward,velocity,2,1,1
horizontal,precision,vertical,2,1,1
hummock,soil,pore,2,1,1
hummock,soil,water,2,1,1
hydconn,fid,zone,2,1,1
hydrogen,2,isotope,2,1,1
hydrogen,peroxide,concentration,2,1,1
ice,core,corrected,2,1,1
ice,elevation,data,2,1,1
ice,thickness,maximum,2,1,1
id,date,river,2,2,2
id,latitude,longitude,2,2,2
identifier,local,identifier,2,1,1
insoluble,particle,concentration,2,1,1
iodine,mole,fraction,2,1,1
kg,surface,pressure,2,2,1
land,form,timestamp,2,1,1
latitude,longitude,baseflow,2,2,2
latitude,longitude,co2,2,1,1
latitude,longitude,runoff,2,2,2
latitude,longitude,snow,2,2,2
latitude,longitude,soil,2,2,2
latitude,longitude,start,2,1,1
layer,depth,length,2,1,1
layer,intensity,uncertianty,2,1,1
left,corner,coordinates,2,1,1
length,width,fine,2,1,1
liquid,water,path,2,2,1
local,identifier,native,2,1,1
longitude,baseflow,month,2,2,2
longitude,co2,system,2,1,1
longitude,date,icethickness,2,2,2
longitude,elevation,horizontal,2,1,1
longitude,elevation_m,thickness_cm,2,1,1
longitude,latitude,time,2,2,2
longitude,runoff,month,2,2,2
longitude,snow,water,2,2,2
longitude,soil,depth,2,2,2
longitude,start,depth,2,1,1
lp,vu,vvi,2,1,1
magnesium,concentration,sulfur,2,1,1
maximum,ice,thickness,2,1,1
measurement,soil,pore,2,1,1
measurement,soil,water,2,1,1
melt,layer,intensity,2,1,1
mg_um,na_um,k_um,2,2,1
microcat,depth,sami,2,1,1
micromoles,ammonium,concentration,2,1,1
micromoles,insoluble,particle,2,1,1
micromoles,nitrate,concentrations,2,1,1
mole,fraction,bromine,2,1,1
natural,abundance,delta,2,1,1
nh4_opa_um,po4_um,no3_um,2,2,1
nitric,acid,concentration,2,1,1
nitrite,concentration,flag,2,1,1
nitrogen,collection,method,2,2,1
nitrogen,percent,site,2,1,1
no3_um,tdn_um,tdp_um,2,2,1
north,east,north,2,1,1
northing,easting,latitude,2,1,1
northward,velocity,eastward,2,1,1
optical,depth,retrieved,2,2,1
organic,carbon,latitude,2,2,2
organic,layer,depth,2,1,1
oxygen,isotope,ratio,2,1,1
pb,cb,pf,2,1,1
pc_ugl,pn_ugl,pp_um,2,2,1
pch4_uatm,co2_um,ch4_um,2,2,1
pco2,equilibrator,pco2,2,1,1
pco2_uatm,pch4_uatm,co2_um,2,2,1
permil,delta,deuterium,2,1,1
permil,sodium,concentration,2,1,1
ph,alk_ueql,pco2_uatm,2,2,1
ph,temperature,chl,2,1,1
phosphate,concentration,flag,2,1,1
phosphate,concentration,silicate,2,1,1
phosphorus,percent,site,2,1,1
photosynthetically,active,radiation,2,2,2
pht,ω_calcite,ω_aragonite,2,1,1
plfa,1,plfa,2,1,1
plfa,2,plfa_14c,2,1,1
plfa,sample,size,2,1,1
plfa_14c,dd14cplfa,co2,2,1,1
plot,block,site,2,1,1
plot,replicate,treatment,2,2,1
pn_ugl,pp_um,ca_um,2,2,1
po4_um,no3_um,tdn_um,2,2,1
pop,warmed,t1,2,1,1
position,dissolved,organic,2,2,1
pp_um,ca_um,mg_um,2,2,1
precision,vertical,precision,2,1,1
pres,temp,conduct,2,1,1
pressdrop,pumponflag,vibonflag,2,2,1
pressure,transducer,depth,2,1,1
profile,1,specific,2,1,1
profile,2,specific,2,1,1
profile,3,specific,2,1,1
profile,4,specific,2,1,1
profile,6,specific,2,1,1
profile,7,specific,2,1,1
profile,7,time,2,1,1
profile,8,specific,2,1,1
profile,background,specific,2,1,1
qc_ta_gf,tsoil_1_f,tsoil_1_gf,2,2,1
qc_tsoil_1_gf,pa_1,rg_out_f,2,2,1
quality,control,flag,2,1,1
rc,ct,pb,2,1,1
river,cumulative,discharge,2,2,2
river,discharge,export,2,2,2
row,ease,grid,2,2,2
rssi,potrad,fp_neenight,2,2,1
runoff,month,latitude,2,2,2
salinity,pco2,equilibrator,2,1,1
salinity,ship's,sst,2,1,1
sample,size,plfa,2,1,1
samples,co2,13co2,2,1,1
sampling,priority,station,2,2,1
sandvi,tram_distance,par,2,1,1
sbe45,salinity,pco2,2,1,1
sbe45,salinity,ship's,2,1,1
season,tussock,intertussock,2,2,1
ship's,sst,co2,2,1,1
silicate,concentration,flag,2,1,1
silicate,concentration,nitrate,2,1,1
simple,correction,total,2,1,1
sinusoidal,grid,considered,2,2,1
site,date,time_hr_dst,2,2,1
site,date,tree,2,2,1
site,plot,loc,2,2,1
site,pop,warmed,2,1,1
site,station,latitude,2,1,1
site,treatment,block,2,2,1
site,treatment,t1,2,1,1
site,treatment,tree,2,2,1
size,plfa,1,2,1,1
snow,depth,co2,2,2,1
snow,water,equivalent,2,2,2
sodium,concentration,magnesium,2,1,1
soil,depth,soil,2,2,2
soil,temperature,ghaas,2,2,2
sortchem,site,date,2,2,1
sound,specific,conductivity,2,1,1
sp,lp,vu,2,1,1
specific,conductivity,density,2,1,1
speed,current,heading,2,1,1
spidertmt,temptmt,location,2,1,1
sst,co2,system,2,1,1
sst,simple,correction,2,1,1
sulfur,concentration,chlorine,2,1,1
surf_geol,hydconn,fid,2,1,1
surface,melt,layer,2,1,1
surface,stop,depth,2,1,1
swale,soil,pore,2,1,1
swale,soil,water,2,1,1
t_20cm,t_40cm,airt,2,2,1
t_surface,ch4_flux,ch4_flux_f,2,2,1
t_surface,potrad,fp_neenight,2,2,1
t6,g6,ndvi,2,1,1
ta_gf,qc_ta_gf,tsoil_1_f,2,2,1
tdn_um,tdp_um,pc_ugl,2,2,1
tdp_um,pc_ugl,pn_ugl,2,2,1
temp,conduct,salinity,2,1,1
temp_c,cond_us,ph,2,2,1
temperature,ghaas,river,2,2,2
temperature,notes,station,2,2,2
temperature,pressure,sea,2,2,2
term,organic,carbon,2,2,1
thawed,organic,layer,2,1,1
thickness,maximum,ice,2,1,1
thousand,permil,delta,2,1,1
thousand,permil,sodium,2,1,1
time,chlorine,mole,2,1,1
time,pres,temp,2,1,1
time_hr_dst,depth_m,distance_km,2,2,1
top,5,cm,2,2,1
topographic,feature,type,2,1,1
total,co2,alkalinity,2,1,1
total,dissolved,nitrogen,2,2,1
total,dominant,taxa,2,1,1
total,organic,carbon,2,1,1
tram_distance,par,dist_corr,2,1,1
transplant,garden,ecotype,2,2,1
treatment,sla,leaf,2,2,1
treatment,species,ramet,2,1,1
treatment,t1,g1,2,1,1
tsoil_1_f,tsoil_1_gf,qc_tsoil_1_gf,2,2,1
tsoil_1_gf,qc_tsoil_1_gf,pa_1,2,2,1
tussock,intertussock,date,2,2,1
tussock,site,pop,2,1,1
type,treatment,species,2,1,1
veast,vnorth,date,2,1,1
vegetation,classification,1979,2,1,1
vegetation,classification,2015,2,1,1
vegetation,classification,unique,2,1,1
vegetation,type,treatment,2,1,1
velocity,eastward,velocity,2,1,1
vertical,precision,notes,2,1,1
vnorth,date,time,2,1,1
vu,vvi,bn,2,1,1
vvi,bn,rc,2,1,1
warmed,t1,g1,2,1,1
warming,t_5cm,t_10cm,2,2,1
water,equivalent,date,2,2,2
water,equivalent,meters,2,1,1
water,path,cloud,2,2,1
watershed,subregion,site_id,2,1,1
wd,potrad,fp_neenight,2,2,1
weight,dominant,taxa,2,1,1
west,north,america,2,1,1
wind,speed,threshold,2,1,1
ws_1,wd,potrad,2,2,1
07,13,measuredon_2013,1,1,1
07,15,measuredon_2013,1,1,1
07,17,measuredon_2013,1,1,1
08,01,total,1,1,1
1,24,cloud,1,1,1
1,ch4,flux,1,1,1
1,cond_mmol_m,2_s,1,1,1
1,january,2012,1,1,1
1,par,water,1,1,1
1,time,2,1,1,1
1,weight,daughter,1,1,1
10,cf_cf1_20,cf_cf1_,1,1,1
10,cf_sg1_,2,1,1,1
10,cf_tl1_20,sg_cf1_,1,1,1
10,sg_cf1_,2,1,1,1
10,sg_cf2_,2,1,1,1
10,sg_sg1_,2,1,1,1
10,sg_tl1_20,sg_tl1_,1,1,1
10,sg_tl2_,2,1,1,1
10,tl_cf1_,2,1,1,1
10,tl_sg1_20,tl_sg1_,1,1,1
10,tl_sg2_,2,1,1,1
10,wave,height,1,1,1
10,wave,period,1,1,1
10.1029,1999jc900081,aerosol,1,1,1
1000,hpa,integrated,1,1,1
10be,concentration,uncertainty,1,1,1
10be_9be,ratio_uncertainty,10be_concetration,1,1,1
10be_9be_ratio,10be_atoms,samples,1,1,1
10be_9be_ratio,ratio_uncertainty,10be_concentration,1,1,1
10be_9be_ratio_uncertainty,blank_corrected_10be_concentration,10be_concentration_uncertainty,1,1,1
10be_9be_ratio_uncertainty,blank_corrected_10be_concentration,atoms,1,1,1
10be_atoms,samples,applied,1,1,1
10be_cocentration_uncertainty,lm_age_ka,age_uncertainty_ka,1,1,1
10be_concentration,10be_cocentration_uncertainty,lm_age_ka,1,1,1
10be_concentration_uncertainty,age_ka,age_uncertainty,1,1,1
10be_concetration,10be,concentration,1,1,1
11851,2010,effective,1,1,1
11851,2010,phase,1,1,1
13,measuredon_2013,07,1,1,1
13c,average,natural,1,1,1
13c,carbon,concentration,1,1,1
13c,plot,treatment,1,1,1
14,error,carbon,1,1,1
14,uncalibrated,age,1,1,1
14c_plfa,branched,mono,1,1,1
15,measuredon_2013,07,1,1,1
15n,nitrogen,concentration,1,1,1
16,sea,surface,1,1,1
17,measuredon_2013,08,1,1,1
18,notes,collection,1,1,1
18s,rrna,cell,1,1,1
1952,coarse,scale,1,1,1
1952,fine,scale,1,1,1
1979,coarse,scale,1,1,1
1979,fine,scale,1,1,1
1999,doi,10.1029,1,1,1
1999jc900081,aerosol,optical,1,1,1
1to15,treatment.temperature,days.post.fert,1,1,1
2,background,2,1,1,1
2,cf_sg1_20,cf_sg1_,1,1,1
2,cf_tl1_,10,1,1,1
2,cf_tl1_,2,1,1,1
2,meter,height,1,1,1
2,plot,treatment,1,1,1
2,sg_cf1_20,sg_cf2_,1,1,1
2,sg_cf2_20,sg_sg1_20,1,1,1
2,sg_sg2_,10,1,1,1
2,sg_sg2_,2,1,1,1
2,sg_tl1_,10,1,1,1
2,sg_tl2_,10,1,1,1
2,temperature,ph,1,1,1
2,time,3,1,1,1
2,tl_cf1_20,tl_cf2_,1,1,1
2,tl_cf2_20,tl_cf2_,1,1,1
2,tl_sg2_,10,1,1,1
2,tl_sg2_20,tl_tl1_20,1,1,1
2,tl_tl2_,10,1,1,1
2,tl_tl2_,2,1,1,1
2,weight,daughter,1,1,1
2_s,1,cond_mmol_m,1,1,1
2010,effective,radius,1,1,1
2012,water,vapor,1,1,1
2015,coarse,scale,1,1,1
2015,fine,scale,1,1,1
2016,atmospheric,pco2,1,1,1
2016,co2,super,1,1,1
2016,flux,super,1,1,1
2016,latitude,super,1,1,1
2016,longitude,super,1,1,1
2016,salinity,super,1,1,1
2016,wind,velocity,1,1,1
24,cloud,liquid,1,1,1
254,nm,chlorophyll,1,1,1
271,time,ozone,1,1,1
28,ampl,44,1,1,1
3,time,4,1,1,1
3,weight,daughter,1,1,1
380,nm,absorbance,1,1,1
4,weight,daughter,1,1,1
5,time,6,1,1,1
5,weight,daughter,1,1,1
500,hpa,temperature,1,1,1
550,nm,integrated,1,1,1
6,date,time,1,1,1
6,la,mother,1,1,1
6,time,7,1,1,1
6,weight,mother,1,1,1
850,hpa,kg,1,1,1
850,hpa,temperature,1,1,1
925,hpa,temperature,1,1,1
9be_added_mg,10be_9be_ratio,ratio_uncertainty,1,1,1
a_1,chlorophyll,a_2,1,1,1
a_10,chlorophyll,a_11,1,1,1
a_11,chlorophyll,a_12,1,1,1
a_2,chlorophyll,a_3,1,1,1
a_3,chlorophyll,a_4,1,1,1
a_4,chlorophyll,a_5,1,1,1
a_5,chlorophyll,a_6,1,1,1
a_6,chlorophyll,a_7,1,1,1
a_7,chlorophyll,a_8,1,1,1
a_8,chlorophyll,a_9,1,1,1
a_9,chlorophyll,a_10,1,1,1
ablation,rate,iceberg,1,1,1
absolute,pressure,barometric,1,1,1
absolute,pressure,temperature,1,1,1
abundance,biomass,wet,1,1,1
abundance,foliar,material,1,1,1
abundance,total,dominant,1,1,1
accelerator,mass,spectrometry,1,1,1
accumulated,freezing,degree,1,1,1
accumulation,meters,water,1,1,1
accumulation,september,april,1,1,1
acetate,formate,oxalate,1,1,1
acid,concentration,ammonia,1,1,1
acid,concentration,sodium,1,1,1
acquired,data,calendar,1,1,1
acquisition,date,satellite,1,1,1
active,radiation,net,1,1,1
active,radiation,solar,1,1,1
active,radiation_1,photosynthetically,1,1,1
active,radiation_10,photosynthetically,1,1,1
active,radiation_11,photosynthetically,1,1,1
active,radiation_2,photosynthetically,1,1,1
active,radiation_3,photosynthetically,1,1,1
active,radiation_4,photosynthetically,1,1,1
active,radiation_5,photosynthetically,1,1,1
active,radiation_6,photosynthetically,1,1,1
active,radiation_7,photosynthetically,1,1,1
active,radiation_8,photosynthetically,1,1,1
active,radiation_9,photosynthetically,1,1,1
addition,average,d15n,1,1,1
addition,d15n,collected,1,1,1
addition,date,dry,1,1,1
addition,delta,15n,1,1,1
addition,lower,depth,1,1,1
addition,percent,carbon,1,1,1
addition,sampling,date,1,1,1
age,c28,fatty,1,1,1
age,method,comments,1,1,1
age_uncertainty,ams_facility,latitude,1,1,1
agricultural,waste,burning,1,1,1
air,content,citation,1,1,1
air,content,residual,1,1,1
air,dry,mass,1,1,1
air,pressure,wind,1,1,1
air,sample,inlet,1,1,1
air,temperature,gas,1,1,1
air,temperature,height,1,1,1
air,temperature,pco2,1,1,1
airborne,topographic,mapper,1,1,1
airt,gc,reco,1,1,1
airt,umolesco2,snowdepth_gapfilled,1,1,1
airtc_avg,rh_avg,bp_mbar_avg,1,1,1
akst,clo,clo,1,1,1
al,1999,doi,1,1,1
albedo_avg,cg3upco_avg,cg3dnco_avg,1,1,1
alpha,coefficient,accumulated,1,1,1
alphaweair,alphaweice,weair,1,1,1
ambient,gcumolesco2,airt,1,1,1
ammonia,concentration,nitrate,1,1,1
ammonia,concentration,nitric,1,1,1
ammonia,concentration,sodium,1,1,1
ammonium,blank,nitrate,1,1,1
ammonium,day,nitrate,1,1,1
ammonium,um,sample,1,1,1
ammonium,um,stdev,1,1,1
ammonium_1,ammonium_2,ammonium_3,1,1,1
ammonium_10,ammonium_11,ammonium_12,1,1,1
ammonium_2,ammonium_3,ammonium_4,1,1,1
ammonium_3,ammonium_4,ammonium_5,1,1,1
ammonium_4,ammonium_5,ammonium_6,1,1,1
ammonium_5,ammonium_6,ammonium_7,1,1,1
ammonium_6,ammonium_7,ammonium_8,1,1,1
ammonium_7,ammonium_8,ammonium_9,1,1,1
ammonium_8,ammonium_9,ammonium_10,1,1,1
ammonium_9,ammonium_10,ammonium_11,1,1,1
ammonium_blankcorrected,nitrate_blankcorrected,phosphate_blankcorrected,1,1,1
ammonium_per_day,nitrate_per_day,phosphate_per_day,1,1,1
ampl,28,ampl,1,1,1
ampl,44,replicates,1,1,1
ams_facility,latitude,sample_id,1,1,1
ams_facility,sample_id,latitude_north,1,1,1
analytical,uncertainty,ice,1,1,1
annual,net,snowfall,1,1,1
annual,snow,accumulation,1,1,1
anomaly,conductivity,salinity,1,1,1
anomaly,station,date,1,1,1
anomaly,temperature,uncertainty,1,1,1
aod,residential,combustion,1,1,1
applicable,range,sample,1,1,1
areal,basis,pigment,1,1,1
aspect,deg,northness,1,1,1
atm,ice,elevation,1,1,1
atm,lidar,1,1,1,1
atmospheric,pco2,latitude,1,1,1
atmospheric,pco2,super,1,1,1
august,winter,snow,1,1,1
availability,po4,availability,1,1,1
availability,total,free,1,1,1
availability,total,reducing,1,1,1
average,air,temperature,1,1,1
average,annual,net,1,1,1
average,daily,temperature,1,1,1
average,thaw,depth,1,1,1
average,wave,height,1,1,1
average,wave,period,1,1,1
b_glucosidase,n_acetyl_glucosaminidase,phosphatase,1,1,1
ba,la,ce,1,1,1
background,2,specific,1,1,1
background,profile,2,1,1,1
background,reading,background,1,1,1
bacterialbiomass,fungalbiomass,locationsurfpreds,1,1,1
barometric,absolute,pressure,1,1,1
basis,pigment,concentration,1,1,1
battery,temperature,dissolved,1,1,1
be_9_added,milligrams,10be_9be,1,1,1
bed,elevation,1,1,1,1
bed,elevation,error,1,1,1
belowground,material,harvested,1,1,1
biomass,burning,aod,1,1,1
biomass,burning,bb,1,1,1
biomass,carbon,microbial,1,1,1
biomass,carbon,weight,1,1,1
biomass,nitrogen,nh4,1,1,1
biomass,transect,site,1,1,1
blank,ammonium,day,1,1,1
blank,nitrate,blank,1,1,1
blank,phosphate,blank,1,1,1
blank_corrected_10be_,concentration_uncertainty,atoms,1,1,1
blank_corrected_10be_concentration,10be_concentration_uncertainty,age_ka,1,1,1
block,color,code,1,1,1
block,fence,chamber,1,1,1
block,fence,plot,1,1,1
block,fence,warming,1,1,1
block,harvest,start,1,1,1
block,plot,species,1,1,1
block,plot,yearremoved,1,1,1
block,soil_depth,mbc,1,1,1
block,tissue,dry,1,1,1
body,type,observed,1,1,1
bone,element,locality,1,1,1
bounding,boxes,site,1,1,1
boxes,site,station,1,1,1
bp_mbar_avg,ws_ms_avg,ws_ms_max,1,1,1
br2,br2,uncertainty,1,1,1
br2,uncertainty,o3,1,1,1
branched,mono,poly,1,1,1
brcl,brcl,uncertainty,1,1,1
brcl,uncertainty,br2,1,1,1
brightness_temperature,brightness_temperature,short,1,1,1
brightness_temperature,short,ssa,1,1,1
bro,bro,uncertainty,1,1,1
bro,uncertainty,n2o5,1,1,1
burning,specific,humidity,1,1,1
c_c1_10,c_c1_20,c_s1_10,1,1,1
c_c1_20,c_s1_10,c_s1_2,1,1,1
c_mass,ug,d15n,1,1,1
c_s1_10,c_s1_2,c_t1_10,1,1,1
c_s1_2,c_t1_10,c_t1_2,1,1,1
c_t1_10,c_t1_2,s_c1_10,1,1,1
c_t1_2,s_c1_10,s_c1_2,1,1,1
c28,fatty,acid,1,1,1
ca44,intensity,fe56,1,1,1
calanus,hyperboreus,data,1,1,1
calcium,carbonate,site,1,1,1
calibrated,conductivity,temperature,1,1,1
calving,rate,measurement,1,1,1
calving,submarine,melting,1,1,1
captured,image,data,1,1,1
carbon,13,percent,1,1,1
carbon,14,error,1,1,1
carbon,14,uncalibrated,1,1,1
carbon,addition,sampling,1,1,1
carbon,concentration,delta,1,1,1
carbon,data,flag,1,1,1
carbon,microbial,biomass,1,1,1
carbon,percent,calcium,1,1,1
carbon,total,nitrogen,1,1,1
carbon,water,temperature,1,1,1
carbon,weight,dominant,1,1,1
carbonate,site,depth,1,1,1
carrier_added_g,10be_9be_ratio,10be_9be_ratio_uncertainty,1,1,1
carrier_concentration,10be_9be_ratio,10be_atoms,1,1,1
carrier_g,10be_9be_ratio,10be_9be_ratio_uncertainty,1,1,1
carrier_g,carrier_concentration,10be_9be_ratio,1,1,1
category,latitude_dd,longitude_dd,1,1,1
caught,species,mortality,1,1,1
cd,cs,ba,1,1,1
cdr_cloud_binary_mask,solar_zenith_angle,sea_ice_thickness,1,1,1
ce,gc2015,site,1,1,1
ce,pr,pb,1,1,1
cell,counts,clones,1,1,1
celsius,salinity,station,1,1,1
center,profile,line,1,1,1
cf_cf1_,10,cf_cf1_20,1,1,1
cf_cf1_,2,cf_sg1_20,1,1,1
cf_cf1_20,cf_cf1_,2,1,1,1
cf_sg1_,10,cf_sg1_,1,1,1
cf_sg1_,2,cf_tl1_,1,1,1
cf_sg1_20,cf_sg1_,10,1,1,1
cf_tl1_,10,cf_tl1_20,1,1,1
cf_tl1_,2,cf_tl1_,1,1,1
cf_tl1_20,sg_cf1_,10,1,1,1
cg3dn_avg,netrs_avg,netrl_avg,1,1,1
cg3dnco_avg,temp0_avg,temp25_avg,1,1,1
cg3up_avg,cg3dn_avg,netrs_avg,1,1,1
cg3upco_avg,cg3dnco_avg,temp0_avg,1,1,1
ch4_flux,ch4_flux_f,qc_ch4_flux,1,1,1
ch4_flux,ch4_flux_f,qc_ch4_flux_f,1,1,1
ch4_flux,qc_ch4_flux,ch4_flux_f,1,1,1
ch4_flux_f,ch4_flux_gf,ch4_flux_gf_qc,1,1,1
ch4_flux_f,qc_ch4_flux,ch4_flux_gf,1,1,1
ch4_flux_f,qc_ch4_flux_f,ch4_flux_gf,1,1,1
ch4_flux_gf,qc_ch4_flux_gf,rssi,1,1,1
ch4_flux_gf_qc,rssi,ch4_mole_fraction,1,1,1
ch4_flux_gf_qc,rssi,potrad,1,1,1
ch4_mol_fraction,potrad,fp_neenight,1,1,1
ch4_mole_fraction,potrad,fp_neenight,1,1,1
chamber,drying,warming,1,1,1
chamber,type,date,1,1,1
chemistry,unit,reaction,1,1,1
chlorine,concentration,sulphate,1,1,1
chlorophyll,a_1,chlorophyll,1,1,1
chlorophyll,a_10,chlorophyll,1,1,1
chlorophyll,a_11,chlorophyll,1,1,1
chlorophyll,a_2,chlorophyll,1,1,1
chlorophyll,a_3,chlorophyll,1,1,1
chlorophyll,a_4,chlorophyll,1,1,1
chlorophyll,a_5,chlorophyll,1,1,1
chlorophyll,a_6,chlorophyll,1,1,1
chlorophyll,a_7,chlorophyll,1,1,1
chlorophyll,a_8,chlorophyll,1,1,1
chlorophyll,a_9,chlorophyll,1,1,1
citation,estimated,top,1,1,1
cl2,cl2,uncertainty,1,1,1
cl2,uncertainty,ho2no2,1,1,1
class,unique,identifier,1,1,1
classes,ecological,term,1,1,1
classification,1952,coarse,1,1,1
classification,1979,coarse,1,1,1
classification,1979,fine,1,1,1
classification,2015,coarse,1,1,1
classification,2015,fine,1,1,1
classification,unique,idenfier,1,1,1
classification,unique,identifier,1,1,1
clno2,clno2,uncertainty,1,1,1
clno2,uncertainty,hobr,1,1,1
clo,clo,uncertainty,1,1,1
clo,uncertainty,cl2,1,1,1
clones,28s,rrna,1,1,1
cloud,particle,phase,1,1,1
cloud,top,cloud,1,1,1
cloud_optical_depth,float,cloud_top_pressure,1,1,1
cloud_particle_radius,float,cloud_optical_depth,1,1,1
cloud_top_pressure,float,cloud_top_temperature,1,1,1
cloud_top_temperature,short,cloud_type,1,1,1
cloud_type,float,surface_shortwave_cloud_radiative_forcing,1,1,1
cm,18s,rrna,1,1,1
cm,average,thaw,1,1,1
cm,easting,northing,1,1,1
cm,fl,cm,1,1,1
cm,leader,growth,1,1,1
cm,litter,depth,1,1,1
cm,maximum,thaw,1,1,1
cm,org,layer,1,1,1
cm,sample,date,1,1,1
cm,site.code,site.name,1,1,1
cm,thaw,depth,1,1,1
cm,width,cm,1,1,1
cm3dn_avg,cg3up_avg,cg3dn_avg,1,1,1
cm3up_avg,cm3dn_avg,cg3up_avg,1,1,1
co2,atmospheric,pco2,1,1,1
co2,efflux,post,1,1,1
co2,flux,soil,1,1,1
co2,super,2016,1,1,1
coastal,floodplain,coastal,1,1,1
coastal,shoreline,forest,1,1,1
code,treatment,efflux,1,1,1
code,version,version,1,1,1
coefficient,accumulated,freezing,1,1,1
colldensity,avsoilmoisture,block,1,1,1
collected,ammonia,concentration,1,1,1
collected,data,maximum,1,1,1
collected,ph,raw,1,1,1
collection,method,age,1,1,1
collection,method,habitat,1,1,1
collection,shot,identifier,1,1,1
colltype,colldensity,avsoilmoisture,1,1,1
color,code,treatment,1,1,1
column,position,ammonia,1,1,1
column,position,julian,1,1,1
comments,tar103_allele1,tar103_allele2,1,1,1
concentration,ammonia,concentration,1,1,1
concentration,carbon,data,1,1,1
concentration,delta,15n,1,1,1
concentration,nitric,acid,1,1,1
concentration,ph,redox,1,1,1
concentration,ph,salinity,1,1,1
concentration,site,depth,1,1,1
concentration,sulphate,concentration,1,1,1
concentration,total,dissolved,1,1,1
concentration,uncertainty,lm_age_ka,1,1,1
cond_mmol_m,2_s,1,1,1,1
conductance,profile,1,1,1,1
conductance,profile,5,1,1,1
conductance,profile,6,1,1,1
conductance,profile,7,1,1,1
conductance,profile,8,1,1,1
conductance,time,specific,1,1,1
conductivity,data,package,1,1,1
conductivity,depth,dissolved,1,1,1
conductivity,dgps,elevation,1,1,1
conductivity,salinity,data,1,1,1
conductivity,temperature,notes,1,1,1
conductivity,temperature,pressure,1,1,1
conductivity,temperature,salinity,1,1,1
content,citation,estimated,1,1,1
contributor,contributor,identifier,1,1,1
contributor,identifier,citation,1,1,1
control,flag,profile,1,1,1
control,flag,salinity,1,1,1
coordinates,bed,elevation,1,1,1
coordinates,lower,left,1,1,1
copepods_1,copepods_2,copepods_3,1,1,1
copepods_10,copepods_11,copepods_12,1,1,1
copepods_2,copepods_3,copepods_4,1,1,1
copepods_3,copepods_4,copepods_5,1,1,1
copepods_4,copepods_5,copepods_6,1,1,1
copepods_5,copepods_6,copepods_7,1,1,1
copepods_6,copepods_7,copepods_8,1,1,1
copepods_7,copepods_8,copepods_9,1,1,1
copepods_8,copepods_9,copepods_10,1,1,1
copepods_9,copepods_10,copepods_11,1,1,1
core,depth,ice,1,1,1
core,depth,melt,1,1,1
core,depth,meters,1,1,1
core,depth,modelled,1,1,1
core,firn,air,1,1,1
corner,coordinates,upper,1,1,1
counts,clones,28s,1,1,1
cr,mn,fe,1,1,1
cruise,identification,station,1,1,1
cruz,paleogenomics,lab,1,1,1
cs,ba,la,1,1,1
ctrl,ctrl_se,low,1,1,1
ctrl_se,low,low_se,1,1,1
cu,zn,si,1,1,1
cushion,size,classes,1,1,1
d13c,c_mass,ug,1,1,1
d15n,n_mass,ug,1,1,1
d52003,site,melt,1,1,1
daily,precipitation,totals,1,1,1
daily,rainfall,water,1,1,1
daily,temperature,average,1,1,1
daily,temperature,minimum,1,1,1
daily,temperature,precipitation,1,1,1
data,collection,shot,1,1,1
data,date,data,1,1,1
data,describing,visual,1,1,1
data,flag,carbon,1,1,1
data,flag,nitrogen,1,1,1
data,flag,temperature,1,1,1
data,maximum,daily,1,1,1
data,total,image,1,1,1
dataset,upper,left,1,1,1
date,absolute,pressure,1,1,1
date,alpha,coefficient,1,1,1
date,ammonia,concentration,1,1,1
date,battery,temperature,1,1,1
date,caught,species,1,1,1
date,ch4,flux,1,1,1
date,code,version,1,1,1
date,collected,ammonia,1,1,1
date,collected,pigment,1,1,1
date,day,block,1,1,1
date,depth_n,depth_average,1,1,1
date,dry,mass,1,1,1
date,harvested,isotopesamplemass,1,1,1
date,hour,latitude,1,1,1
date,mean_thaw_cm,standard_devation_cm,1,1,1
date,microbial,respiration,1,1,1
date,mm,dd,1,1,1
date,plot,replicate,1,1,1
date,rain,temperature,1,1,1
date,sample,type,1,1,1
date,site,treatment,1,1,1
date,time,24,1,1,1
date,time,air,1,1,1
date,time,c_c1_10,1,1,1
date,time,cf_cf1_,1,1,1
date,time,deployed,1,1,1
date,time,depth,1,1,1
date,time,retrieved,1,1,1
date,time,soil,1,1,1
date,time,speed,1,1,1
date,time,temperature,1,1,1
date,tree,photo_umol_m,1,1,1
date,tree,resp_umol_m,1,1,1
date,tussock,population,1,1,1
date,utc,time,1,1,1
date,v1,v0,1,1,1
date_time,ctrl,ctrl_se,1,1,1
daugaard,jensen,glacier,1,1,1
daughter,1,leaf,1,1,1
daughter,1,weight,1,1,1
daughter,2,leaf,1,1,1
daughter,2,weight,1,1,1
daughter,3,leaf,1,1,1
daughter,3,weight,1,1,1
daughter,4,leaf,1,1,1
daughter,4,weight,1,1,1
daughter,5,leaf,1,1,1
daughter,5,weight,1,1,1
daughter,6,la,1,1,1
daughter,6,weight,1,1,1
day,1,24,1,1,1
day,block,color,1,1,1
day,nitrate,day,1,1,1
day,phosphate,day,1,1,1
day,radiation,air,1,1,1
day,t1,g1,1,1,1
day,water,temperature,1,1,1
day_postfire,thaw_depth_uncorr,thaw_corr,1,1,1
days,weather,station,1,1,1
days.post.fert,length.mm,measured.status,1,1,1
dd,yyyy,block,1,1,1
dead,carbon,percent,1,1,1
dead,nitrogen,percent,1,1,1
dead,phosphorus,percent,1,1,1
dead,root,biomass,1,1,1
deg,aspect,deg,1,1,1
deg,northness,potential,1,1,1
degree,days,weather,1,1,1
degree,kelvins,temperature,1,1,1
degrees,minutes,longitude,1,1,1
degrees,minutes,west,1,1,1
delo,18,delh,1,1,1
delta,13c,average,1,1,1
delta,13c,carbon,1,1,1
delta,13c,plot,1,1,1
delta,15n,nitrogen,1,1,1
delta,18o,delta,1,1,1
delta,nitrogen,15,1,1,1
density,anomaly,conductivity,1,1,1
density,anomaly,station,1,1,1
density,depth,melt,1,1,1
density,ice,core,1,1,1
density_average,density_sd,surfacetype,1,1,1
deployed,date,time,1,1,1
deposited,mass,concentration,1,1,1
depth,aod,residential,1,1,1
depth,cm,18s,1,1,1
depth,cm,litter,1,1,1
depth,cm,org,1,1,1
depth,cm,sample,1,1,1
depth,cm,thaw,1,1,1
depth,co2,efflux,1,1,1
depth,co2,flux,1,1,1
depth,density,depth,1,1,1
depth,density,ice,1,1,1
depth,depth,time,1,1,1
depth,dissolved,oxygen,1,1,1
depth,elevation,water,1,1,1
depth,ice,core,1,1,1
depth,ice,section,1,1,1
depth,incubated,shrub,1,1,1
depth,incubated,tussock,1,1,1
depth,meters,ice,1,1,1
depth,modelled,age,1,1,1
depth,oxygen,concentration,1,1,1
depth,percent,organic,1,1,1
depth,permeability,density,1,1,1
depth,salinity,speed,1,1,1
depth,sami,co2,1,1,1
depth,sami,ph,1,1,1
depth,significant,wave,1,1,1
depth,slug,test,1,1,1
depth,tidal,slope,1,1,1
depth_average,depth_sd,depth_n,1,1,1
depth_m,depth_mweq,sr,1,1,1
depth_n,density_average,density_sd,1,1,1
depth_n,depth_average,depth_sd,1,1,1
depth_sd,depth_n,density_average,1,1,1
describing,visual,classification,1,1,1
detection,limit,applicable,1,1,1
deuterium,isotope,delta,1,1,1
devices,north,latitude,1,1,1
dgps,elevation,thaw,1,1,1
diag_77_mean,potrad,fp_neenight,1,1,1
diam,decay,class,1,1,1
diatoms_1,diatoms_2,diatoms_3,1,1,1
diatoms_10,diatoms_11,diatoms_12,1,1,1
diatoms_2,diatoms_3,diatoms_4,1,1,1
diatoms_3,diatoms_4,diatoms_5,1,1,1
diatoms_4,diatoms_5,diatoms_6,1,1,1
diatoms_5,diatoms_6,diatoms_7,1,1,1
diatoms_6,diatoms_7,diatoms_8,1,1,1
diatoms_7,diatoms_8,diatoms_9,1,1,1
diatoms_8,diatoms_9,diatoms_10,1,1,1
diatoms_9,diatoms_10,diatoms_11,1,1,1
direction,photosynthetically,active,1,1,1
dissolved,organic,nitrogen_1,1,1,1
dissolved,organic,nitrogen_10,1,1,1
dissolved,organic,nitrogen_11,1,1,1
dissolved,organic,nitrogen_12,1,1,1
dissolved,organic,nitrogen_2,1,1,1
dissolved,organic,nitrogen_3,1,1,1
dissolved,organic,nitrogen_4,1,1,1
dissolved,organic,nitrogen_5,1,1,1
dissolved,organic,nitrogen_6,1,1,1
dissolved,organic,nitrogen_7,1,1,1
dissolved,organic,nitrogen_8,1,1,1
dissolved,organic,nitrogen_9,1,1,1
dissolved,phosphorus,chlorine,1,1,1
doi,10.1029,1999jc900081,1,1,1
doy,time,block,1,1,1
dry,mass,delta,1,1,1
dry,mass,mass,1,1,1
dry,mass,percentage,1,1,1
dry,mass,population,1,1,1
dry,mass,start,1,1,1
dry,warm,par,1,1,1
dry,wtd,td,1,1,1
drying,warming,t_5cm,1,1,1
dynamic,1952,fine,1,1,1
easting,northing,elevation,1,1,1
eastward,velocity,speed,1,1,1
eastward,velocity,station,1,1,1
efficient,co2,flux,1,1,1
efflux,post,treatment,1,1,1
element,locality,notes,1,1,1
elevation,data,dates,1,1,1
elevation,dissolved,organic,1,1,1
elevation,error,1,1,1,1
elevation,measurements,ice,1,1,1
elevation,profile,date,1,1,1
elevation,thaw,depth,1,1,1
elevation,water,table,1,1,1
en,date,day,1,1,1
energy,notes,station,1,1,1
entry,unique,site,1,1,1
equivalence,approximate,date,1,1,1
equivalent,meters,ammonia,1,1,1
equivalent,meters,nitric,1,1,1
equivalent,summer,snow,1,1,1
error,carbon,14,1,1,1
error,delta,carbon,1,1,1
estimated,top,10,1,1,1
event,bi,decadal,1,1,1
ext_res_14c,tle_14c,plfa,1,1,1
extractable_oragnic_c,total_extractable_n,nh4,1,1,1
facility,sample,id,1,1,1
family,indiv,1to15,1,1,1
fc_cwu_gf,qc_fc_cwu_gf,le_cw_f,1,1,1
fe56,intensity,pamir,1,1,1
feature,type,identifier,1,1,1
fence,chamber,drying,1,1,1
fence,plot,dry,1,1,1
fence,warming,t_5cm,1,1,1
fid,shape,length,1,1,1
fine,dead,root,1,1,1
fine,live,root,1,1,1
firn,core,firn,1,1,1
fish,collection,method,1,1,1
fish_id,fish,collection,1,1,1
fl,cm,mass,1,1,1
flag,nitrogen,data,1,1,1
flag,salinity,quality,1,1,1
flag,temperature,data,1,1,1
flagellates_1,flagellates_2,flagellates_3,1,1,1
flagellates_10,flagellates_11,flagellates_12,1,1,1
flagellates_2,flagellates_3,flagellates_4,1,1,1
flagellates_3,flagellates_4,flagellates_5,1,1,1
flagellates_4,flagellates_5,flagellates_6,1,1,1
flagellates_5,flagellates_6,flagellates_7,1,1,1
flagellates_6,flagellates_7,flagellates_8,1,1,1
flagellates_7,flagellates_8,flagellates_9,1,1,1
flagellates_8,flagellates_9,flagellates_10,1,1,1
flagellates_9,flagellates_10,flagellates_11,1,1,1
float,cloud_optical_depth,float,1,1,1
float,cloud_particle_radius,float,1,1,1
float,cloud_top_pressure,float,1,1,1
float,cloud_top_temperature,short,1,1,1
float,surface_shortwave_cloud_radiative_forcing,float,1,1,1
floodplain,coastal,shoreline,1,1,1
flower,ttf,date,1,1,1
flowers,buds,mass,1,1,1
floy,tag,pit,1,1,1
flux,replicate,1,1,1,1
flux,replicate,2,1,1,1
flux,soil,temperature,1,1,1
flux,super,16,1,1,1
forest,gap,survey,1,1,1
form,species,treatment,1,1,1
formate,oxalate,citrate,1,1,1
fossil,fuel,ff,1,1,1
fraction,iodine,monobromide,1,1,1
fraction,modern,error,1,1,1
fraction,modern,fraction,1,1,1
fraction,time,chlorine,1,1,1
free,primary,amine,1,1,1
freezing,degree,days,1,1,1
frontal,ablation,rate,1,1,1
fumigated,soil,microbial,1,1,1
fumigated,soil,total,1,1,1
functional,type,plant,1,1,1
fungalbiomass,locationsurfpreds,intsurfpreds,1,1,1
g7,ndvi,t1,1,1,1
gap,survey,unique,1,1,1
gardenmean,gardenmeangasex,mass,1,1,1
gaz,industry,aod,1,1,1
gc,t5cm,t10cm,1,1,1
gc_nee,gc_er,gc_gpp,1,1,1
gc2015,site,melt,1,1,1
gcumolesco2,airt,snowdepth_gapfilled,1,1,1
geomorphology,longitude,latitude,1,1,1
glacier,center,profile,1,1,1
glacier,daugaard,jensen,1,1,1
gmt,short,sfctype,1,1,1
gpp_f,gpp_fqc,gc_nee,1,1,1
gpp_fqc,gc_nee,gc_er,1,1,1
grain,type,layer,1,1,1
gram,age_ka,age_uncertainty,1,1,1
gram,blank_corrected_10be_,concentration_uncertainty,1,1,1
grams,site,description,1,1,1
gray,ice,melt,1,1,1
green,moss,depth,1,1,1
grid,sea,ice,1,1,1
growth,cm,easting,1,1,1
growth,form,species,1,1,1
gust,speed,air,1,1,1
gw2014,site,melt,1,1,1
habitat,type,data,1,1,1
habitat,type,longitude,1,1,1
harvest,start,date,1,1,1
harvested,isotopesamplemass,mg,1,1,1
harvested,latitude,longitude,1,1,1
height,1,10,1,1,1
height,average,wave,1,1,1
height,cm,width,1,1,1
height,maximum,wave,1,1,1
height,significant,wave,1,1,1
ho2no2,ho2no2,uncertainty,1,1,1
ho2no2,uncertainty,clno2,1,1,1
hobr,hobr,uncertainty,1,1,1
hobr,uncertainty,bro,1,1,1
hour,julian,day,1,1,1
hour,latitude,longitude,1,1,1
hpa,integrated,aerosol,1,1,1
humidity,wind,speed,1,1,1
hyperboreus,data,sources,1,1,1
hypobromous,acid,signal,1,1,1
ice,data,source,1,1,1
ice,elevation,1,1,1,1
ice,elevation,measurements,1,1,1
ice,elevation,profile,1,1,1
ice,index,ice,1,1,1
ice,melt,ponds,1,1,1
ice,pixels,specific,1,1,1
ice,section,replicates,1,1,1
ice,surface,velocity,1,1,1
ice,terms,nav,1,1,1
ice,thickness,date,1,1,1
ice,volume,corrected,1,1,1
iceberg,calving,submarine,1,1,1
icebridge,airborne,topographic,1,1,1
icethickness,snowdepth,conditionnote,1,1,1
icethickness,snowdepth,snowdensity,1,1,1
id,bone,element,1,1,1
id,delta,carbon,1,1,1
id,dynamic,1952,1,1,1
id,labile,carbon,1,1,1
id,northing,easting,1,1,1
id,site,plot,1,1,1
id,start,air,1,1,1
id,treatment,plot,1,1,1
identification,date,hour,1,1,1
identifier,citation,information,1,1,1
identifier,ice,data,1,1,1
identifier,latitude,longitude,1,1,1
identifier,plot,treatment,1,1,1
identifier,replicate,plots,1,1,1
identifier,source,distance,1,1,1
identifier,unique,identifier,1,1,1
identifier,vegetation,class,1,1,1
ii,iron,iii,1,1,1
iii,lactate,acetate,1,1,1
illullip,sermia,ice,1,1,1
image,acquisition,date,1,1,1
image,data,total,1,1,1
image,ice,elevation,1,1,1
image,pairs,nominal,1,1,1
increment,sample,dry,1,1,1
incubated,shrub,samples,1,1,1
incubated,tussock,samples,1,1,1
incubation,temperature,labile,1,1,1
incubation,temperature,sample,1,1,1
index,ice,terms,1,1,1
indiv,1to15,treatment.temperature,1,1,1
instrument,standard,deviation,1,1,1
integrated,aerosol,optical,1,1,1
integrated,total,aerosol,1,1,1
intensity,ca44,intensity,1,1,1
intensity,fe56,intensity,1,1,1
intensity,pamir,ice,1,1,1
intsoilpreds,bacterialbiomass,fungalbiomass,1,1,1
intsurfpreds,avsoilmoisture,block,1,1,1
iodine,monobromide,hypobromous,1,1,1
iron,ii,iron,1,1,1
iron,iii,lactate,1,1,1
isbrae,kangerlussuaq,glacier,1,1,1
isotope,addition,average,1,1,1
isotope,addition,d13c,1,1,1
isotope,addition,d15n,1,1,1
isotope,addition,day,1,1,1
isotope,addition,delta,1,1,1
isotope,addition,lower,1,1,1
isotope,addition,percent,1,1,1
isotope,addition,percentage,1,1,1
isotope,ratio,ice,1,1,1
isotopesamplemass,mg,d13c,1,1,1
jakobshavn,isbrae,kangerlussuaq,1,1,1
january,2012,water,1,1,1
julian,day,radiation,1,1,1
julian,day,water,1,1,1
julian,day,week,1,1,1
k_um,si_um,so4_um,1,1,1
k_um,so4_um,cl_um,1,1,1
kangerlussuaq,glacier,daugaard,1,1,1
kwh,geomorphology,longitude,1,1,1
la,ce,pr,1,1,1
lab,museum,specimen,1,1,1
labeled,plot,treatment,1,1,1
labile,carbon,addition,1,1,1
lactate,acetate,formate,1,1,1
lake,dissolved,organic,1,1,1
landscape,position,soil,1,1,1
latitude,longitude,abundance,1,1,1
latitude,longitude,ammonium_1,1,1,1
latitude,longitude,chlorophyll,1,1,1
latitude,longitude,copepods_1,1,1,1
latitude,longitude,depth,1,1,1
latitude,longitude,description,1,1,1
latitude,longitude,detrital,1,1,1
latitude,longitude,diatoms_1,1,1,1
latitude,longitude,dissolved,1,1,1
latitude,longitude,elevation_m,1,1,1
latitude,longitude,flagellates_1,1,1,1
latitude,longitude,ice,1,1,1
latitude,longitude,iron,1,1,1
latitude,longitude,isotope,1,1,1
latitude,longitude,microzooplankton_1,1,1,1
latitude,longitude,nitrate_1,1,1,1
latitude,longitude,photosynthetically,1,1,1
latitude,longitude,predator,1,1,1
latitude,longitude,primary,1,1,1
latitude,longitude,silicate_1,1,1,1
latitude,longitude,time,1,1,1
latitude,longitude,unique,1,1,1
latitude,longitude,water,1,1,1
latitude,longitude,waterbodyname,1,1,1
latitude,sample_id,carrier_g,1,1,1
latitude,super,2016,1,1,1
latitude,time,surface_temperature,1,1,1
latitude,time,toa_bidirectional_reflectance,1,1,1
latitude_dd,longitude_dd,date,1,1,1
latitude_north,longitude_degrees_west,elevation_m_asl,1,1,1
latitude_north,longitude_west,elevation_m_asl,1,1,1
layer,d52003,site,1,1,1
layer,depth,cm,1,1,1
layer,gw2014,site,1,1,1
layer,nu2015,site,1,1,1
layer,thickness,depth,1,1,1
leader,growth,cm,1,1,1
leaf,tissue,sample,1,1,1
length.mm,measured.status,reared.wild,1,1,1
li,sc,ag,1,1,1
limit,applicable,range,1,1,1
line,latitude,start,1,1,1
line,longitude,start,1,1,1
line,vertex,coordinates,1,1,1
literal,meaning,official,1,1,1
literal,meaning,topographic,1,1,1
litter,depth,cm,1,1,1
litterbaglocation,litterpercentmoisture,litterpercentmassremaining,1,1,1
litterpercentmassremaining,percentnremaining,block,1,1,1
litterpercentmoisture,litterpercentmassremaining,percentnremaining,1,1,1
live,carbon,percent,1,1,1
live,nitrogen,percent,1,1,1
live,phosphorus,percent,1,1,1
live,root,biomass,1,1,1
lm_age_ka,age_uncertainty_ka,ams_facility,1,1,1
lm_age_ka,lm_age_uncertainty,ams_facility,1,1,1
lm_age_uncertainty,ams_facility,sample_id,1,1,1
locality,accelerator,mass,1,1,1
location,colltype,colldensity,1,1,1
location,day_postfire,thaw_depth_uncorr,1,1,1
location,frontal,ablation,1,1,1
location,growth,form,1,1,1
location,oribatidmites,predatorymites,1,1,1
location,plant,species,1,1,1
location,vegetation,classification,1,1,1
location,ww,dry,1,1,1
locationsurfpreds,intsurfpreds,avsoilmoisture,1,1,1
longitude,abundance,total,1,1,1
longitude,ammonium_1,ammonium_2,1,1,1
longitude,chlorophyll,a_1,1,1,1
longitude,copepods_1,copepods_2,1,1,1
longitude,detrital,particulate,1,1,1
longitude,diatoms_1,diatoms_2,1,1,1
longitude,dissolved,organic,1,1,1
longitude,flagellates_1,flagellates_2,1,1,1
longitude,ice,index,1,1,1
longitude,image,acquisition,1,1,1
longitude,iron,ii,1,1,1
longitude,isotope,sample,1,1,1
longitude,latitude,station,1,1,1
longitude,microzooplankton_1,microzooplankton_2,1,1,1
longitude,nitrate_1,nitrate_2,1,1,1
longitude,photosynthetically,active,1,1,1
longitude,predator,zooplankton_1,1,1,1
longitude,primary,productivity_1,1,1,1
longitude,silicate_1,silicate_2,1,1,1
longitude,super,2016,1,1,1
longitude,time,depth,1,1,1
longitude,unique,identifier,1,1,1
longitude,water,column,1,1,1
longitude,waterbodyname,water,1,1,1
longitude_dd,date,a250,1,1,1
longitude_degrees_west,elevation_m_asl,thickness_cm,1,1,1
longitude_west,elevation_m_asl,thickness_cm,1,1,1
longitudinal,resistive,stress,1,1,1
lost,porewater,volume,1,1,1
low,low_se,mod,1,1,1
low_se,mod,mod_se,1,1,1
lower,left,corner,1,1,1
lower,tropospheric,stability,1,1,1
mapper,atm,lidar,1,1,1
maritime,transportation,aod,1,1,1
mass,basis,flag,1,1,1
mass,delta,15n,1,1,1
mass,mass,remaining,1,1,1
mass,meanconductance,medianconductance,1,1,1
mass,population,site,1,1,1
mass,spectrometry,facility,1,1,1
mass,start,dry,1,1,1
maximum,daily,temperature,1,1,1
maximum,grain,size,1,1,1
maximum,thaw,depth,1,1,1
maximum,wave,height,1,1,1
maximum,wave,period,1,1,1
mbc,mbn,mbp,1,1,1
mbn,mbp,b_glucosidase,1,1,1
mbp,b_glucosidase,n_acetyl_glucosaminidase,1,1,1
mean_thaw_cm,standard_devation_cm,standard_error_cm,1,1,1
meanci,ca,gardenmeangasex,1,1,1
meanconductance,medianconductance,meanci,1,1,1
meangasex,mass,meanconductance,1,1,1
meaning,topographic,feature,1,1,1
meastype,system,date,1,1,1
measured.status,reared.wild,imagej.num,1,1,1
measuredon_2013,07,13,1,1,1
measuredon_2013,07,15,1,1,1
measuredon_2013,07,17,1,1,1
measuredon_2013,08,01,1,1,1
measurement,entry,unique,1,1,1
measurement,land,form,1,1,1
measurement,landscape,position,1,1,1
measurements,ice,elevation,1,1,1
medianconductance,meanci,ca,1,1,1
melt,layer,d52003,1,1,1
melt,layer,gw2014,1,1,1
melt,layer,nu2015,1,1,1
meter,water,equivalence,1,1,1
meters,ammonia,concentration,1,1,1
meters,ice,core,1,1,1
meters,nitric,acid,1,1,1
meters,water,equivalent,1,1,1
method,comments,tar103_allele1,1,1,1
method,habitat,type,1,1,1
mg,cu,zn,1,1,1
mg,d13c,c_mass,1,1,1
mg25,intensity,ca44,1,1,1
microbial,biomass,carbon,1,1,1
microbial,biomass,nitrogen,1,1,1
microzooplankton_1,microzooplankton_2,microzooplankton_3,1,1,1
microzooplankton_10,microzooplankton_11,microzooplankton_12,1,1,1
microzooplankton_2,microzooplankton_3,microzooplankton_4,1,1,1
microzooplankton_3,microzooplankton_4,microzooplankton_5,1,1,1
microzooplankton_4,microzooplankton_5,microzooplankton_6,1,1,1
microzooplankton_5,microzooplankton_6,microzooplankton_7,1,1,1
microzooplankton_6,microzooplankton_7,microzooplankton_8,1,1,1
microzooplankton_7,microzooplankton_8,microzooplankton_9,1,1,1
microzooplankton_8,microzooplankton_9,microzooplankton_10,1,1,1
microzooplankton_9,microzooplankton_10,microzooplankton_11,1,1,1
mille,delta,carbon,1,1,1
mille,fraction,modern,1,1,1
milligrams,10be_9be,ratio_uncertainty,1,1,1
minimum,daily,temperature,1,1,1
minimum,grain,size,1,1,1
minimum_cm,maximum_cm,cv_,1,1,1
minutes,west,water,1,1,1
mixing,ratio,dry,1,1,1
mm,dd,yyyy,1,1,1
mm,maximum,grain,1,1,1
mm,snow,grain,1,1,1
mmol,co2,flux,1,1,1
model,station,identifier,1,1,1
modelled,age,c28,1,1,1
modern,error,delta,1,1,1
modern,fraction,modern,1,1,1
modis,cloud,optical,1,1,1
modis,effective,radius,1,1,1
molar,ratio,collection,1,1,1
mono,poly,sat,1,1,1
monobromide,hypobromous,acid,1,1,1
month,date,time,1,1,1
moss,cushion,size,1,1,1
moss,depth,cm,1,1,1
mother,weight,daughter,1,1,1
museum,specimen,id,1,1,1
n_acetyl_glucosaminidase,phosphatase,extractable_oragnic_c,1,1,1
n_mg_per_g,p_mg_per_g,k_mg_per_g,1,1,1
n_obs,gardenmean,gardenmeangasex,1,1,1
n2o5,n2o5,uncertainty,1,1,1
n2o5,uncertainty,brcl,1,1,1
na,mg,cu,1,1,1
na_um,k_um,si_um,1,1,1
na_um,k_um,so4_um,1,1,1
natural,abundance,foliar,1,1,1
nav,terms,url,1,1,1
ndvi,sandvi,dist_corr,1,1,1
ndvi1,ndvi2,ndvim,1,1,1
ndvi2,ndvim,lai,1,1,1
net,ecosystem,production,1,1,1
net,snowfall,maximum,1,1,1
netrl_avg,albedo_avg,cg3upco_avg,1,1,1
netrs_avg,netrl_avg,albedo_avg,1,1,1
nh4,availability,total,1,1,1
nitrate,blank,phosphate,1,1,1
nitrate,day,phosphate,1,1,1
nitrate,phosphate,ammonium,1,1,1
nitrate,phosphate,ammonium_blankcorrected,1,1,1
nitrate,um,stdev,1,1,1
nitrate_1,nitrate_2,nitrate_3,1,1,1
nitrate_10,nitrate_11,nitrate_12,1,1,1
nitrate_2,nitrate_3,nitrate_4,1,1,1
nitrate_3,nitrate_4,nitrate_5,1,1,1
nitrate_4,nitrate_5,nitrate_6,1,1,1
nitrate_5,nitrate_6,nitrate_7,1,1,1
nitrate_6,nitrate_7,nitrate_8,1,1,1
nitrate_7,nitrate_8,nitrate_9,1,1,1
nitrate_8,nitrate_9,nitrate_10,1,1,1
nitrate_9,nitrate_10,nitrate_11,1,1,1
nitrate_blankcorrected,phosphate_blankcorrected,ammonium_per_day,1,1,1
nitrite,concentration,collection,1,1,1
nitrite,concentration,station,1,1,1
nitrite,concentration,total,1,1,1
nitrite,um,stdev,1,1,1
nitrogen,concentration,carbon,1,1,1
nitrogen,data,flag,1,1,1
nitrogen,molar,ratio,1,1,1
nitrogen,nh4,availability,1,1,1
nitrogen,total,organic,1,1,1
nitrogen_1,detrital,particulate,1,1,1
nitrogen_1,dissolved,organic,1,1,1
nitrogen_10,detrital,particulate,1,1,1
nitrogen_10,dissolved,organic,1,1,1
nitrogen_11,detrital,particulate,1,1,1
nitrogen_11,dissolved,organic,1,1,1
nitrogen_2,detrital,particulate,1,1,1
nitrogen_2,dissolved,organic,1,1,1
nitrogen_3,detrital,particulate,1,1,1
nitrogen_3,dissolved,organic,1,1,1
nitrogen_4,detrital,particulate,1,1,1
nitrogen_4,dissolved,organic,1,1,1
nitrogen_5,detrital,particulate,1,1,1
nitrogen_5,dissolved,organic,1,1,1
nitrogen_6,detrital,particulate,1,1,1
nitrogen_6,dissolved,organic,1,1,1
nitrogen_7,detrital,particulate,1,1,1
nitrogen_7,dissolved,organic,1,1,1
nitrogen_8,detrital,particulate,1,1,1
nitrogen_8,dissolved,organic,1,1,1
nitrogen_9,detrital,particulate,1,1,1
nitrogen_9,dissolved,organic,1,1,1
nm,integrated,total,1,1,1
no3,availability,po4,1,1,1
node,station,type,1,1,1
north,west,america,1,1,1
north,west,north,1,1,1
northness,potential,solar,1,1,1
notes,collection,method,1,1,1
notes,date,rain,1,1,1
nu2015,site,melt,1,1,1
object,id,dynamic,1,1,1
observation,latitude,longitude,1,1,1
observation,soil,temperature,1,1,1
observed,fac10,firn,1,1,1
observed,glacier,terminus,1,1,1
observed,ice,thickness,1,1,1
oc,soc_14c,ext_res_14c,1,1,1
ocean,processed,date,1,1,1
operation,icebridge,airborne,1,1,1
optical,depth,aod,1,1,1
ordinal,data,describing,1,1,1
org,layer,depth,1,1,1
organic,carbon,absorbance,1,1,1
organic,carbon,percent,1,1,1
organic,carbon,water,1,1,1
organic,horizon,measured,1,1,1
organic,nitrogen_1,detrital,1,1,1
organic,nitrogen_1,dissolved,1,1,1
organic,nitrogen_10,detrital,1,1,1
organic,nitrogen_10,dissolved,1,1,1
organic,nitrogen_11,detrital,1,1,1
organic,nitrogen_11,dissolved,1,1,1
organic,nitrogen_2,detrital,1,1,1
organic,nitrogen_2,dissolved,1,1,1
organic,nitrogen_3,detrital,1,1,1
organic,nitrogen_3,dissolved,1,1,1
organic,nitrogen_4,detrital,1,1,1
organic,nitrogen_4,dissolved,1,1,1
organic,nitrogen_5,detrital,1,1,1
organic,nitrogen_5,dissolved,1,1,1
organic,nitrogen_6,detrital,1,1,1
organic,nitrogen_6,dissolved,1,1,1
organic,nitrogen_7,detrital,1,1,1
organic,nitrogen_7,dissolved,1,1,1
organic,nitrogen_8,detrital,1,1,1
organic,nitrogen_8,dissolved,1,1,1
organic,nitrogen_9,detrital,1,1,1
organic,nitrogen_9,dissolved,1,1,1
oribatidmites,predatorymites,intsoilpreds,1,1,1
original,firn,core,1,1,1
oxygen,18,notes,1,1,1
oxygen,concentration,ph,1,1,1
oxygen,saturation,phycoerythrin,1,1,1
pairs,nominal,dates,1,1,1
paleogenomics,lab,museum,1,1,1
par,dist_corr,timestamp,1,1,1
par,sami,co2,1,1,1
par,t_5cm,t_10cm,1,1,1
par,temp,fs,1,1,1
par,water,temperature,1,1,1
par_out_f,precip,g1_f,1,1,1
particle,phase,float,1,1,1
particulate,organic,nitrogen_1,1,1,1
particulate,organic,nitrogen_10,1,1,1
particulate,organic,nitrogen_11,1,1,1
particulate,organic,nitrogen_12,1,1,1
particulate,organic,nitrogen_2,1,1,1
particulate,organic,nitrogen_3,1,1,1
particulate,organic,nitrogen_4,1,1,1
particulate,organic,nitrogen_5,1,1,1
particulate,organic,nitrogen_6,1,1,1
particulate,organic,nitrogen_7,1,1,1
particulate,organic,nitrogen_8,1,1,1
particulate,organic,nitrogen_9,1,1,1
path,cloud,fraction,1,1,1
path,cloud,mask,1,1,1
pco2,latitude,longitude,1,1,1
pco2,super,2016,1,1,1
pco2,total,daily,1,1,1
pco2,water,temperature,1,1,1
pco2,wind,speed,1,1,1
peat,plateau,coastal,1,1,1
percent,calcium,carbonate,1,1,1
percent,organic,carbon,1,1,1
percentile,duration,threshold,1,1,1
percentnremaining,block,plot,1,1,1
period,1,10,1,1,1
period,average,wave,1,1,1
period,maximum,wave,1,1,1
period,wave,energy,1,1,1
pf,en,date,1,1,1
ph,conductivity,dgps,1,1,1
ph,raw,voltage,1,1,1
ph,redox,potential,1,1,1
ph,salinity,specific,1,1,1
ph,temperature,microcat,1,1,1
ph,temperature,par,1,1,1
phase,float,cloud_particle_radius,1,1,1
phosphatase,extractable_oragnic_c,total_extractable_n,1,1,1
phosphate,ammonium,blank,1,1,1
phosphate,ammonium_blankcorrected,nitrate_blankcorrected,1,1,1
phosphate,blank,ammonium,1,1,1
phosphate,um,stdev,1,1,1
phosphate_blankcorrected,ammonium_per_day,nitrate_per_day,1,1,1
phosphorus,chlorine,concentration,1,1,1
photo_umol_m,2_s,1,1,1,1
photosynthetically,active,radiation_1,1,1,1
photosynthetically,active,radiation_10,1,1,1
photosynthetically,active,radiation_11,1,1,1
photosynthetically,active,radiation_12,1,1,1
photosynthetically,active,radiation_2,1,1,1
photosynthetically,active,radiation_3,1,1,1
photosynthetically,active,radiation_4,1,1,1
photosynthetically,active,radiation_5,1,1,1
photosynthetically,active,radiation_6,1,1,1
photosynthetically,active,radiation_7,1,1,1
photosynthetically,active,radiation_8,1,1,1
photosynthetically,active,radiation_9,1,1,1
phycoerythrin,concentration,ph,1,1,1
pit,tag,sex,1,1,1
pixels,specific,humidity,1,1,1
plant,functional,type,1,1,1
plant,species,average,1,1,1
plant,species,percentage,1,1,1
plant,species,tissue,1,1,1
plant,species,unique,1,1,1
plateau,coastal,floodplain,1,1,1
plfa,plfa_c_normal,plfa_2,1,1,1
plfa_2,14c_plfa,branched,1,1,1
plfa_c_normal,plfa_2,14c_plfa,1,1,1
plot,class,tr_length,1,1,1
plot,dry,warm,1,1,1
plot,identifier,plot,1,1,1
plot,population,warming,1,1,1
plot,species,relative,1,1,1
plot,subplot,snow_subplot,1,1,1
plot,time,population,1,1,1
plot,treatment,plant,1,1,1
plot,treatment,plot,1,1,1
plot,treatment,thaw,1,1,1
plot,treatment,unique,1,1,1
plot,trt,location,1,1,1
plot,trt,measuredon_2013,1,1,1
plot,yearremoved,spidertmt,1,1,1
plots,ordinal,data,1,1,1
po4,availability,total,1,1,1
polder,cloud,top,1,1,1
polder,instrument,standard,1,1,1
pop_id,date,caught,1,1,1
pop_id,latitude,longitude,1,1,1
population,site,block,1,1,1
population,warming,ndvi1,1,1,1
population,warming,par,1,1,1
porewater,volume,data,1,1,1
position,ammonia,concentration,1,1,1
position,delta,13c,1,1,1
position,delta,oxygen,1,1,1
position,julian,day,1,1,1
position,soil,thaw,1,1,1
post,treatment,co2,1,1,1
potential,solar,radiation,1,1,1
ppb,source,biomass,1,1,1
ppb,source,fossil,1,1,1
pr,pb,bi,1,1,1
pre,treatment,co2,1,1,1
precip,g1_f,g2_f,1,1,1
precipitation,totals,potential,1,1,1
precision,data,package,1,1,1
precision,notes,date,1,1,1
predator,zooplankton_1,predator,1,1,1
predator,zooplankton_10,predator,1,1,1
predator,zooplankton_11,predator,1,1,1
predator,zooplankton_2,predator,1,1,1
predator,zooplankton_3,predator,1,1,1
predator,zooplankton_4,predator,1,1,1
predator,zooplankton_5,predator,1,1,1
predator,zooplankton_6,predator,1,1,1
predator,zooplankton_7,predator,1,1,1
predator,zooplankton_8,predator,1,1,1
predator,zooplankton_9,predator,1,1,1
predatorymites,intsoilpreds,bacterialbiomass,1,1,1
press_atm,sdensity,gc,1,1,1
pressure,barometric,absolute,1,1,1
pressure,cloud,top,1,1,1
pressure,depth,salinity,1,1,1
pressure,depth,speed,1,1,1
pressure,depth,tidal,1,1,1
pressure,lower,tropospheric,1,1,1
pressure,temperature,northing,1,1,1
pressure,wind,direction,1,1,1
primary,amine,availability,1,1,1
primary,productivity_1,primary,1,1,1
primary,productivity_10,primary,1,1,1
primary,productivity_11,primary,1,1,1
primary,productivity_2,primary,1,1,1
primary,productivity_3,primary,1,1,1
primary,productivity_4,primary,1,1,1
primary,productivity_5,primary,1,1,1
primary,productivity_6,primary,1,1,1
primary,productivity_7,primary,1,1,1
primary,productivity_8,primary,1,1,1
primary,productivity_9,primary,1,1,1
priority,chemistry,unit,1,1,1
priority,station,date,1,1,1
priority,station,node,1,1,1
processed,date,code,1,1,1
processed,snow,ice,1,1,1
productivity_1,primary,productivity_2,1,1,1
productivity_10,primary,productivity_11,1,1,1
productivity_11,primary,productivity_12,1,1,1
productivity_2,primary,productivity_3,1,1,1
productivity_3,primary,productivity_4,1,1,1
productivity_4,primary,productivity_5,1,1,1
productivity_5,primary,productivity_6,1,1,1
productivity_6,primary,productivity_7,1,1,1
productivity_7,primary,productivity_8,1,1,1
productivity_8,primary,productivity_9,1,1,1
productivity_9,primary,productivity_10,1,1,1
profile,2,background,1,1,1
profile,6,date,1,1,1
profile,8,depth,1,1,1
profile,bed,elevation,1,1,1
profile,centerline,index,1,1,1
profile,geoid,height,1,1,1
profile,line,vertex,1,1,1
profile,longitudinal,resistive,1,1,1
profile,operation,icebridge,1,1,1
profile,strain,rate,1,1,1
profile,volume,cm3,1,1,1
qc_ch4_flux,ch4_flux_f,ch4_flux_gf,1,1,1
qc_ch4_flux,ch4_flux_gf,ch4_flux_gf_qc,1,1,1
qc_ch4_flux,rssi,diag_77_mean,1,1,1
qc_ch4_flux,rssi,potrad,1,1,1
qc_ch4_flux_f,ch4_flux_gf,qc_ch4_flux_gf,1,1,1
qc_ch4_flux_gf,rssi,ch4_mol_fraction,1,1,1
qc_fc_cwu_gf,le_cw_f,qc_le_cw_f,1,1,1
quartz_g,9be_added_mg,10be_9be_ratio,1,1,1
quartz_g,be_9_added,milligrams,1,1,1
quartz_g,carrier_added_g,10be_9be_ratio,1,1,1
quartz_g,carrier_g,10be_9be_ratio,1,1,1
radiation,kwh,geomorphology,1,1,1
radiation,net,ecosystem,1,1,1
radiation,solar,radiation,1,1,1
radiation_1,photosynthetically,active,1,1,1
radiation_10,photosynthetically,active,1,1,1
radiation_11,photosynthetically,active,1,1,1
radiation_2,photosynthetically,active,1,1,1
radiation_3,photosynthetically,active,1,1,1
radiation_4,photosynthetically,active,1,1,1
radiation_5,photosynthetically,active,1,1,1
radiation_6,photosynthetically,active,1,1,1
radiation_7,photosynthetically,active,1,1,1
radiation_8,photosynthetically,active,1,1,1
radiation_9,photosynthetically,active,1,1,1
rain,temperature,relative,1,1,1
rainfall,water,temperature,1,1,1
ramet,mother,weight,1,1,1
range,sample,precision,1,1,1
rate,eigenvalues,1,1,1,1
rate,iceberg,calving,1,1,1
ratio,collection,method,1,1,1
ratio,ice,core,1,1,1
ratio_uncertainty,10be_concentration,10be_cocentration_uncertainty,1,1,1
ratio_uncertainty,10be_concetration,10be,1,1,1
ratios,analytical,uncertainty,1,1,1
raw,voltage,temperature,1,1,1
reaction,wavelength,detection,1,1,1
reading,background,specific,1,1,1
reared.wild,imagej.num,inagej.file.name,1,1,1
recorded,conductivity,temperature,1,1,1
recorded,current,speed,1,1,1
recorded,salinity,temperature,1,1,1
recorded,temperature,current,1,1,1
recorded,temperature,salinity,1,1,1
recorded,temperature,station,1,1,1
recorded,water,column,1,1,1
reducing,sugars,no3,1,1,1
region,sitename,latitude,1,1,1
relative,humidity,wind,1,1,1
relative_sensor_azimuth_angle,short,gmt,1,1,1
replicate,1,ch4,1,1,1
replicate,2,temperature,1,1,1
replicate,plots,ordinal,1,1,1
replicate,treatment,pre,1,1,1
replicate,treatment,snow,1,1,1
replicates,snow,depth,1,1,1
residential,combustion,aod,1,1,1
resistive,stress,1,1,1,1
resp_umol_m,2_s,1,1,1,1
retrieved,rbr,serial,1,1,1
rh_avg,bp_mbar_avg,ws_ms_avg,1,1,1
rhizomes,plant,functional,1,1,1
root,biomass,transect,1,1,1
rrna,cell,counts,1,1,1
rssi,ch4_mol_fraction,potrad,1,1,1
rssi,ch4_mole_fraction,potrad,1,1,1
rssi,diag_77_mean,potrad,1,1,1
run,wt,cncode,1,1,1
s_c1_10,s_c1_2,s_c1_20,1,1,1
s_c1_2,s_c1_20,s_c2_10,1,1,1
s_c1_20,s_c2_10,s_c2_2,1,1,1
s_c2_10,s_c2_2,s_c2_20,1,1,1
s_c2_2,s_c2_20,s_s1_10,1,1,1
s_c2_20,s_s1_10,s_s1_2,1,1,1
s_s1_10,s_s1_2,s_s2_10,1,1,1
s_s1_2,s_s2_10,s_s2_2,1,1,1
s_s2_10,s_s2_2,s_t1_10,1,1,1
s_s2_2,s_t1_10,s_t1_2,1,1,1
s_t1_10,s_t1_2,s_t2_10,1,1,1
s_t1_2,s_t2_10,s_t2_2,1,1,1
s_t2_10,s_t2_2,t_c1_10,1,1,1
s_t2_2,t_c1_10,t_c1_2,1,1,1
saline,site,station,1,1,1
salinity,conductivity,speed,1,1,1
salinity,data,flag,1,1,1
salinity,depth,date,1,1,1
salinity,pressure,sea,1,1,1
salinity,quality,control,1,1,1
salinity,sensor,depth,1,1,1
salinity,specific,conductivity,1,1,1
salinity,super,2016,1,1,1
salinity,temperature,conductivity,1,1,1
salinity,temperature,quality,1,1,1
sample,collection,type,1,1,1
sample,date,ammonia,1,1,1
sample,depth,ice,1,1,1
sample,depth,lat,1,1,1
sample,deuterium,delta,1,1,1
sample,dry,biomass,1,1,1
sample,id,delta,1,1,1
sample,id,labile,1,1,1
sample,id,sample,1,1,1
sample,id,site,1,1,1
sample,id,treatment,1,1,1
sample,longitude,elevation_m,1,1,1
sample,precision,data,1,1,1
sample,site,latitude,1,1,1
sample,type,seawater,1,1,1
sample_id,carrier_g,carrier_concentration,1,1,1
sample_id,latitude,longitude,1,1,1
sample_id,latitude_north,longitude_degrees_west,1,1,1
sample_id,latitude_north,longitude_west,1,1,1
sample_id,pop_id,date,1,1,1
sample_id,sample,longitude,1,1,1
sampling,date,microbial,1,1,1
sampling,geographic,sampling,1,1,1
sampling,priority,chemistry,1,1,1
santa,cruz,paleogenomics,1,1,1
satellite,stereo,image,1,1,1
saturation,phycoerythrin,concentration,1,1,1
sc,ag,al,1,1,1
scan,sonar,depth,1,1,1
sdensity,gc,t5cm,1,1,1
sea,ice,extent,1,1,1
sea,salt,sulfur,1,1,1
sea_ice_thickness,toa_net_downward_shortwave_flux,toa_outgoing_shortwave_flux,1,1,1
season,date,time,1,1,1
seawater,sample,depth,1,1,1
section,replicates,snow,1,1,1
sensor,depth,station,1,1,1
sensor,site,unique,1,1,1
sensor,unique,site,1,1,1
sermia,ice,surface,1,1,1
sex,tl,cm,1,1,1
sg_cf1_,10,sg_cf1_,1,1,1
sg_cf1_,2,sg_cf1_20,1,1,1
sg_cf1_20,sg_cf2_,10,1,1,1
sg_cf2_,10,sg_cf2_,1,1,1
sg_cf2_,2,sg_cf2_20,1,1,1
sg_cf2_20,sg_sg1_20,sg_sg1_,1,1,1
sg_sg1_,10,sg_sg1_,1,1,1
sg_sg1_,2,sg_sg2_,1,1,1
sg_sg1_20,sg_sg1_,10,1,1,1
sg_sg2_,10,sg_tl1_20,1,1,1
sg_sg2_,2,sg_sg2_,1,1,1
sg_tl1_,10,sg_tl2_,1,1,1
sg_tl1_,2,sg_tl1_,1,1,1
sg_tl1_20,sg_tl1_,2,1,1,1
sg_tl2_,10,tl_cf1_,1,1,1
sg_tl2_,2,sg_tl2_,1,1,1
shape,length,shape_length,1,1,1
shielding,quartz_g,9be_added_mg,1,1,1
shielding,quartz_g,be_9_added,1,1,1
shielding,quartz_g,carrier_added_g,1,1,1
shielding,quartz_g,carrier_g,1,1,1
ship,identification,date,1,1,1
shoreline,forest,carex,1,1,1
short,cdr_cloud_binary_mask,solar_zenith_angle,1,1,1
short,cloud_type,float,1,1,1
short,gmt,short,1,1,1
short,ssa,solar_zenith_angle,1,1,1
short,surface_type,cloud,1,1,1
shot,identifier,source,1,1,1
shot,location,start,1,1,1
shrub,samples,co2,1,1,1
si_um,so4_um,cl_um,1,1,1
significant,wave,height,1,1,1
significant,wave,period,1,1,1
silicate,um,stdev,1,1,1
silicate_1,silicate_2,silicate_3,1,1,1
silicate_10,silicate_11,silicate_12,1,1,1
silicate_2,silicate_3,silicate_4,1,1,1
silicate_3,silicate_4,silicate_5,1,1,1
silicate_4,silicate_5,silicate_6,1,1,1
silicate_5,silicate_6,silicate_7,1,1,1
silicate_6,silicate_7,silicate_8,1,1,1
silicate_7,silicate_8,silicate_9,1,1,1
silicate_8,silicate_9,silicate_10,1,1,1
silicate_9,silicate_10,silicate_11,1,1,1
sinusoidal,grid,degree,1,1,1
sinusoidal,grid,latitude,1,1,1
sinusoidal,grid,sea,1,1,1
sisusoidal,gridcell,time,1,1,1
site,block,harvest,1,1,1
site,date,day,1,1,1
site,depth,cm,1,1,1
site,depth,oxygen,1,1,1
site,depth,percent,1,1,1
site,identifier,latitude,1,1,1
site,identifier,replicate,1,1,1
site,identifier,unique,1,1,1
site,location,plant,1,1,1
site,plot,class,1,1,1
site,plot,population,1,1,1
site,plot,replicate,1,1,1
site,plot,time,1,1,1
site,plot,tr_length,1,1,1
site,thawed,organic,1,1,1
site,transect,thawed,1,1,1
site,trt,rep,1,1,1
site,unique,identifier,1,1,1
site_id,hdx,tag,1,1,1
site_id,pop_id,latitude,1,1,1
site_id,sample_id,pop_id,1,1,1
site.code,site.name,lat,1,1,1
site.id,family,indiv,1,1,1
sitename,latitude,longitude,1,1,1
sitetype,latitude,longitude,1,1,1
size,classes,ecological,1,1,1
size,mm,maximum,1,1,1
size,mm,snow,1,1,1
slope,deg,aspect,1,1,1
slope,notes,station,1,1,1
snow,accumulation,meters,1,1,1
snow,accumulation,september,1,1,1
snow,density,measurement,1,1,1
snow,depth,cm,1,1,1
snow,firn,ice,1,1,1
snow,grain,type,1,1,1
snow,ice,dark,1,1,1
snow,sample,deuterium,1,1,1
snow,surface,temperature,1,1,1
snow_plot,press_atm,sdensity,1,1,1
snow_subplot,snow_plot,press_atm,1,1,1
snowfall,maximum,depth,1,1,1
soc_14c,ext_res_14c,tle_14c,1,1,1
soil,microbial,biomass,1,1,1
soil,profile,depth,1,1,1
soil,profile,volume,1,1,1
soil,sensor,unique,1,1,1
soil,temperature,measurement,1,1,1
soil,temperature,observation,1,1,1
soil,thaw,depth,1,1,1
soil,total,nitrogen,1,1,1
soil,total,organic,1,1,1
soil,wet,mass,1,1,1
soil_depth,mbc,mbn,1,1,1
solar,radiation,dew,1,1,1
solar,radiation,kwh,1,1,1
solar_zenith_angle,relative_sensor_azimuth_angle,short,1,1,1
solar_zenith_angle,sea_ice_thickness,toa_net_downward_shortwave_flux,1,1,1
sonar,depth,depth,1,1,1
sound,station,date,1,1,1
source,biomass,burning,1,1,1
source,fossil,fuel,1,1,1
source,tussock,meastype,1,1,1
south,east,north,1,1,1
south,west,north,1,1,1
species,average,natural,1,1,1
species,mortality,0,1,1,1
species,ramet,leaves,1,1,1
species,ramet,mother,1,1,1
species,relative,cover,1,1,1
species,tissue,type,1,1,1
species,treatment,block,1,1,1
species,unique,plot,1,1,1
specific,conductivity,temperature,1,1,1
specimen,id,bone,1,1,1
spectrometry,facility,sample,1,1,1
speed,air,pressure,1,1,1
speed,air,temperature,1,1,1
speed,bearing,velocity,1,1,1
speed,gust,speed,1,1,1
speed,threshold,percentile,1,1,1
speed,threshold,wind,1,1,1
speed,velocity,data,1,1,1
spidertmt,temptmt,litterbaglocation,1,1,1
spidertmt,temptmt,totaln,1,1,1
sr,cd,cs,1,1,1
ssa,solar_zenith_angle,relative_sensor_azimuth_angle,1,1,1
start,air,dry,1,1,1
start,dry,mass,1,1,1
station,date,collected,1,1,1
station,type,category,1,1,1
stationname,sitetype,latitude,1,1,1
stdev,ammonium,um,1,1,1
stdev,nitrate,um,1,1,1
stdev,nitrite,um,1,1,1
stdev,phosphate,um,1,1,1
stdev,silicate,um,1,1,1
stereo,image,ice,1,1,1
stereo,image,pairs,1,1,1
strain,rate,eigenvalues,1,1,1
study,location,vegetation,1,1,1
study,site,location,1,1,1
submarine,melting,error,1,1,1
subplot,snow_subplot,snow_plot,1,1,1
subregion,site_id,pop_id,1,1,1
subregion,site_id,sample_id,1,1,1
sugars,no3,availability,1,1,1
sulphate,concentration,site,1,1,1
summer,snow,accumulation,1,1,1
super,16,sea,1,1,1
super,2016,atmospheric,1,1,1
super,2016,co2,1,1,1
super,2016,flux,1,1,1
super,2016,latitude,1,1,1
super,2016,longitude,1,1,1
super,2016,salinity,1,1,1
super,2016,wind,1,1,1
surface,minimum,grain,1,1,1
surface,pressure,cloud,1,1,1
surface,pressure,lower,1,1,1
surface,snow,density,1,1,1
surface,velocity,1,1,1,1
surface_albedo,surface_downwelling_shortwave_flux,surface_downwelling_longwave_flux,1,1,1
surface_downwelling_longwave_flux,surface_upwelling_shortwave_flux,surface_upwelling_longwave_flux,1,1,1
surface_downwelling_shortwave_flux,surface_downwelling_longwave_flux,surface_upwelling_shortwave_flux,1,1,1
surface_shortwave_cloud_radiative_forcing,float,surface_longwave_cloud_radiative_forcing,1,1,1
surface_temperature,surface_albedo,surface_downwelling_shortwave_flux,1,1,1
surface_type,cloud,particle,1,1,1
surface_upwelling_longwave_flux,short,cdr_cloud_binary_mask,1,1,1
surface_upwelling_shortwave_flux,surface_upwelling_longwave_flux,short,1,1,1
survey,unique,site,1,1,1
swc_1_f,swc_2_f,agc,1,1,1
swc_2_f,agc,co2,1,1,1
system,date,meangasex,1,1,1
t_20cm,t_40cm,ambient,1,1,1
t_40cm,airt,gc,1,1,1
t_40cm,airt,umolesco2,1,1,1
t_40cm,ambient,gcumolesco2,1,1,1
t_c1_10,t_c1_2,t_c2_10,1,1,1
t_c1_2,t_c2_10,t_c2_2,1,1,1
t_c2_10,t_c2_2,t_c2_20,1,1,1
t_c2_2,t_c2_20,t_s1_10,1,1,1
t_c2_20,t_s1_10,t_s1_2,1,1,1
t_s1_10,t_s1_2,t_s2_10,1,1,1
t_s1_2,t_s2_10,t_s2_2,1,1,1
t_s2_10,t_s2_2,t_t1_10,1,1,1
t_s2_2,t_t1_10,t_t1_2,1,1,1
t_t1_10,t_t1_2,t_t2_10,1,1,1
t_t1_2,t_t2_10,t_t2_2,1,1,1
t_t2_10,t_t2_2,date,1,1,1
t_t2_2,date,time,1,1,1
t10cm,t20cm,t40cm,1,1,1
t20cm,t40cm,air_temp,1,1,1
t40cm,air_temp,time,1,1,1
t5cm,t10cm,t20cm,1,1,1
t7,g7,ndvi,1,1,1
table,elevation,dissolved,1,1,1
tag,floy,tag,1,1,1
tag,pit,tag,1,1,1
tag,sex,tl,1,1,1
tar100_allele1,tar100_allele2,tar101_allele1,1,1,1
tar100_allele2,tar101_allele1,tar101_allele2,1,1,1
tar101_allele1,tar101_allele2,tar104_allele1,1,1,1
tar101_allele2,tar104_allele1,tar104_allele2,1,1,1
tar103_allele1,tar103_allele2,tar105_allele1,1,1,1
tar103_allele2,tar105_allele1,tar105_allele2,1,1,1
tar104_allele1,tar104_allele2,tar110_allele1,1,1,1
tar104_allele2,tar110_allele1,tar110_allele2,1,1,1
tar105_allele1,tar105_allele2,tar106_allele1,1,1,1
tar105_allele2,tar106_allele1,tar106_allele2,1,1,1
tar106_allele1,tar106_allele2,tar109_allele1,1,1,1
tar106_allele2,tar109_allele1,tar109_allele2,1,1,1
tar108_allele1,tar108_allele2,watershed,1,1,1
tar108_allele2,watershed,subregion,1,1,1
tar109_allele1,tar109_allele2,tar100_allele1,1,1,1
tar109_allele2,tar100_allele1,tar100_allele2,1,1,1
tar110_allele1,tar110_allele2,tar115_allele1,1,1,1
tar110_allele2,tar115_allele1,tar115_allele2,1,1,1
tar112_allele1,tar112_allele2,tar114_allele1,1,1,1
tar112_allele2,tar114_allele1,tar114_allele2,1,1,1
tar114_allele1,tar114_allele2,tar108_allele1,1,1,1
tar114_allele2,tar108_allele1,tar108_allele2,1,1,1
tar115_allele1,tar115_allele2,tar112_allele1,1,1,1
tar115_allele2,tar112_allele1,tar112_allele2,1,1,1
td,flower,ttf,1,1,1
temp,delta,18o,1,1,1
temp,fs,fms,1,1,1
temp0_avg,temp25_avg,temp50_avg,1,1,1
temp1_avg,temp2_avg,temp3_avg,1,1,1
temp2_avg,temp3_avg,temp4_avg,1,1,1
temp25_avg,temp50_avg,temp75_avg,1,1,1
temp3_avg,temp4_avg,temp5_avg,1,1,1
temp4_avg,temp5_avg,temp6_avg,1,1,1
temp5_avg,temp6_avg,temp7_avg,1,1,1
temp50_avg,temp75_avg,temp1_avg,1,1,1
temp6_avg,temp7_avg,temp8_avg,1,1,1
temp75_avg,temp1_avg,temp2_avg,1,1,1
temperature,anomaly,temperature,1,1,1
temperature,average,daily,1,1,1
temperature,celsius,salinity,1,1,1
temperature,cloud,liquid,1,1,1
temperature,conductivity,data,1,1,1
temperature,current,speed,1,1,1
temperature,data,flag,1,1,1
temperature,dissolved,organic,1,1,1
temperature,dissolved,oxygen,1,1,1
temperature,gas,transfer,1,1,1
temperature,latitude,longitude,1,1,1
temperature,measurement,entry,1,1,1
temperature,minimum,daily,1,1,1
temperature,northing,easting,1,1,1
temperature,observation,depth,1,1,1
temperature,par,sami,1,1,1
temperature,pco2,total,1,1,1
temperature,pco2,wind,1,1,1
temperature,ph,conductivity,1,1,1
temperature,photosynthetically,active,1,1,1
temperature,quality,control,1,1,1
temperature,relative,humidity,1,1,1
temperature,salinity,conductivity,1,1,1
temperature,salinity,sensor,1,1,1
temperature,salinity,temperature,1,1,1
temperature,sample,id,1,1,1
temperature,station,date,1,1,1
temperature,super,2016,1,1,1
temperature,transect,date,1,1,1
temperature,uncertainty,temp,1,1,1
temptmt,litterbaglocation,litterpercentmoisture,1,1,1
temptmt,location,colltype,1,1,1
temptmt,location,oribatidmites,1,1,1
temptmt,totaln,totalnh4,1,1,1
term,average,air,1,1,1
term,average,annual,1,1,1
terminus,location,frontal,1,1,1
terminus,location,reference,1,1,1
terms,nav,terms,1,1,1
test,depth,depth,1,1,1
test,depth,time,1,1,1
thaw,depth,cm,1,1,1
thaw,depth,elevation,1,1,1
thaw,depth,measured,1,1,1
thaw.depth,cm,site.code,1,1,1
thickness,date,alpha,1,1,1
thickness,depth,melt,1,1,1
thin,gray,ice,1,1,1
threshold,percentile,duration,1,1,1
threshold,wind,speed,1,1,1
tidal,slope,notes,1,1,1
tillers,total,biomass,1,1,1
time,2,specific,1,1,1
time,24,hr,1,1,1
time,3,specific,1,1,1
time,4,specific,1,1,1
time,6,specific,1,1,1
time,7,specific,1,1,1
time,air,temperature,1,1,1
time,c_c1_10,c_c1_20,1,1,1
time,cf_cf1_,10,1,1,1
time,collected,ph,1,1,1
time,deployed,date,1,1,1
time,depth,significant,1,1,1
time,incubation,temperature,1,1,1
time,pco2,water,1,1,1
time,population,warming,1,1,1
time,recorded,conductivity,1,1,1
time,recorded,current,1,1,1
time,recorded,instrument,1,1,1
time,recorded,salinity,1,1,1
time,recorded,water,1,1,1
time,retrieved,rbr,1,1,1
time,soil,temperature,1,1,1
time,specific,conductance,1,1,1
time,speed,bearing,1,1,1
time,surface_temperature,surface_albedo,1,1,1
time,temperature,pressure,1,1,1
time,toa_bidirectional_reflectance,toa_bidirectional_reflectance,1,1,1
timestamp,airtc_avg,rh_avg,1,1,1
tissue,dry,wt,1,1,1
tissue,sample,sample,1,1,1
tissue,type,dry,1,1,1
tl,cm,fl,1,1,1
tl_cf1_,2,tl_cf1_20,1,1,1
tl_cf1_20,tl_cf2_,2,1,1,1
tl_cf2_,10,tl_sg1_20,1,1,1
tl_cf2_,2,tl_cf2_20,1,1,1
tl_cf2_20,tl_cf2_,10,1,1,1
tl_sg1_,2,tl_sg2_,1,1,1
tl_sg1_20,tl_sg1_,2,1,1,1
tl_sg2_,10,tl_sg2_,1,1,1
tl_sg2_,2,tl_sg2_20,1,1,1
tl_sg2_20,tl_tl1_20,tl_tl1_,1,1,1
tl_tl1_,2,tl_tl2_,1,1,1
tl_tl1_20,tl_tl1_,2,1,1,1
tl_tl2_,2,tl_tl2_,1,1,1
tle_14c,plfa,plfa_c_normal,1,1,1
toa_bidirectional_reflectance,brightness_temperature,brightness_temperature,1,1,1
toa_bidirectional_reflectance,toa_bidirectional_reflectance,brightness_temperature,1,1,1
toa_net_downward_shortwave_flux,toa_outgoing_shortwave_flux,toa_outgoing_longwave_flux,1,1,1
toa_outgoing_longwave_flux,short,surface_type,1,1,1
toa_outgoing_shortwave_flux,toa_outgoing_longwave_flux,short,1,1,1
top,cloud,optical,1,1,1
top,temperature,cloud,1,1,1
topographic,mapper,atm,1,1,1
total,aerosol,optical,1,1,1
total,daily,rainfall,1,1,1
total,dissolved,phosphorus,1,1,1
total,firn,air,1,1,1
total,free,primary,1,1,1
total,nitrogen,total,1,1,1
total,reducing,sugars,1,1,1
total_c,total_n,total_p,1,1,1
totaln,totalnh4,totalno3,1,1,1
totalnh4,totalno3,totalp,1,1,1
totalno3,totalp,totalk,1,1,1
totalp,totalk,avsoilmoisture,1,1,1
totals,potential,evaoptranspiration,1,1,1
training,dataset,upper,1,1,1
transducer,depth,slug,1,1,1
transect,date,battery,1,1,1
transect,dead,carbon,1,1,1
transect,dead,nitrogen,1,1,1
transect,dead,phosphorus,1,1,1
transect,live,carbon,1,1,1
transect,live,nitrogen,1,1,1
transect,live,phosphorus,1,1,1
transect,site,viper,1,1,1
transect,thawed,organic,1,1,1
treatment,block,plot,1,1,1
treatment,block,soil_depth,1,1,1
treatment,block,tissue,1,1,1
treatment,co2,efflux,1,1,1
treatment,co2,flux,1,1,1
treatment,plant,species,1,1,1
treatment,plot,pair,1,1,1
treatment,pre,treatment,1,1,1
treatment,snow,depth,1,1,1
treatment,thaw,depth,1,1,1
treatment,tree,date,1,1,1
treatment,tree,snow,1,1,1
treatment,unique,identifier,1,1,1
treatment.temperature,days.post.fert,length.mm,1,1,1
tree,date,time,1,1,1
tree,photo_umol_m,2_s,1,1,1
tree,resp_umol_m,2_s,1,1,1
tree,snow,depth,1,1,1
tropospheric,stability,temperature,1,1,1
trt,location,day_postfire,1,1,1
trt,measuredon_2013,07,1,1,1
ttf,date,day,1,1,1
tussock,meastype,system,1,1,1
tussock,population,warmed,1,1,1
tussock,samples,co2,1,1,1
type,category,latitude_dd,1,1,1
type,data,package,1,1,1
type,date,ch4,1,1,1
type,dry,biomass,1,1,1
type,identifier,local,1,1,1
type,layer,hardness,1,1,1
type,longitude,latitude,1,1,1
type,observed,ice,1,1,1
type,plant,species,1,1,1
type,seawater,sample,1,1,1
type,station,date,1,1,1
type,station,node,1,1,1
uc,santa,cruz,1,1,1
ug,d15n,n_mass,1,1,1
um,sample,site,1,1,1
um,stdev,ammonium,1,1,1
um,stdev,nitrate,1,1,1
um,stdev,nitrite,1,1,1
um,stdev,phosphate,1,1,1
um,stdev,silicate,1,1,1
uncalibrated,age,fraction,1,1,1
uncertainty,br2,br2,1,1,1
uncertainty,brcl,brcl,1,1,1
uncertainty,bro,bro,1,1,1
uncertainty,cl2,cl2,1,1,1
uncertainty,clno2,clno2,1,1,1
uncertainty,ho2no2,ho2no2,1,1,1
uncertainty,hobr,hobr,1,1,1
uncertainty,ice,volume,1,1,1
uncertainty,lm_age_ka,lm_age_uncertainty,1,1,1
uncertainty,n2o5,n2o5,1,1,1
uncertainty,temp,delta,1,1,1
uncertainty,temperature,anomaly,1,1,1
unique,idenfier,day,1,1,1
unique,identifier,vegetation,1,1,1
unique,plot,identifier,1,1,1
unit,reaction,wavelength,1,1,1
upper,left,corner,1,1,1
v0,flowers,buds,1,1,1
v1,v0,flowers,1,1,1
vapor,deuterium,isotope,1,1,1
vapor,mixing,ratio,1,1,1
vapor,oxygen,18,1,1,1
vegetation,class,unique,1,1,1
vegetation,classification,1952,1,1,1
vegetation,classification,description,1,1,1
vegetation,classification,elevation,1,1,1
velocity,data,flag,1,1,1
velocity,speed,velocity,1,1,1
velocity,station,date,1,1,1
vertex,coordinates,bed,1,1,1
viper,site,thawed,1,1,1
voltage,temperature,salinity,1,1,1
volume,data,station,1,1,1
volume,water,vapor,1,1,1
warm,par,t_5cm,1,1,1
warming,ndvi1,ndvi2,1,1,1
warming,par,temp,1,1,1
waste,burning,specific,1,1,1
water,body,type,1,1,1
water,equivalence,approximate,1,1,1
water,equivalent,summer,1,1,1
water,ocean,processed,1,1,1
water,table,elevation,1,1,1
water,temperature,dissolved,1,1,1
water,temperature,latitude,1,1,1
water,temperature,pco2,1,1,1
water,temperature,photosynthetically,1,1,1
water,vapor,deuterium,1,1,1
water,vapor,mixing,1,1,1
water,vapor,oxygen,1,1,1
waterbodyname,water,body,1,1,1
watershed,site,tree,1,1,1
watershed,site,trt,1,1,1
watershed,site_id,hdx,1,1,1
watershed,site.id,family,1,1,1
wave,energy,notes,1,1,1
wave,height,1,1,1,1
wave,height,average,1,1,1
wave,height,maximum,1,1,1
wave,height,significant,1,1,1
wave,period,1,1,1,1
wave,period,average,1,1,1
wave,period,maximum,1,1,1
wave,period,wave,1,1,1
wavelength,detection,limit,1,1,1
weight,daughter,1,1,1,1
weight,daughter,2,1,1,1
weight,daughter,3,1,1,1
weight,daughter,4,1,1,1
weight,daughter,5,1,1,1
weight,daughter,6,1,1,1
weight,mother,leaf,1,1,1
weight,total,dominant,1,1,1
west,water,depth,1,1,1
wet,weight,dominant,1,1,1
wet,weight,total,1,1,1
wgs84,ellipsoid,1,1,1,1
width,cm,leader,1,1,1
width,fine,dead,1,1,1
width,fine,live,1,1,1
wind,direction,photosynthetically,1,1,1
wind,event,bi,1,1,1
wind,speed,air,1,1,1
wind,speed,gust,1,1,1
winddir_d1_wvt,winddir_sd1_wvt,cm3up_avg,1,1,1
winddir_sd1_wvt,cm3up_avg,cm3dn_avg,1,1,1
winter,snow,accumulation,1,1,1
worldview,ice,elevation,1,1,1
worldview,satellite,stereo,1,1,1
worldview,stereo,image,1,1,1
ws_ms_avg,ws_ms_max,ws_ms_s_wvt,1,1,1
ws_ms_max,ws_ms_s_wvt,winddir_d1_wvt,1,1,1
ws_ms_s_wvt,winddir_d1_wvt,winddir_sd1_wvt,1,1,1
wt,cncode,d15n,1,1,1
wtd,td,notes,1,1,1
ww,dry,wtd,1,1,1
year_ce,annual,snow,1,1,1
yearremoved,spidertmt,temptmt,1,1,1
yyyy,block,fence,1,1,1
zooplankton_1,predator,zooplankton_2,1,1,1
zooplankton_10,predator,zooplankton_11,1,1,1
zooplankton_11,predator,zooplankton_12,1,1,1
zooplankton_2,predator,zooplankton_3,1,1,1
zooplankton_3,predator,zooplankton_4,1,1,1
zooplankton_4,predator,zooplankton_5,1,1,1
zooplankton_5,predator,zooplankton_6,1,1,1
zooplankton_6,predator,zooplankton_7,1,1,1
zooplankton_7,predator,zooplankton_8,1,1,1
zooplankton_8,predator,zooplankton_9,1,1,1
zooplankton_9,predator,zooplankton_10,1,1,1
ω_aragonite,decimal,day,1,1,1
ω_calcite,ω_aragonite,decimal,1,1,1
