token,n,unique_ids,unique_authors,weighted_n,weighted_ids,score
active radiation,2,2,2,1,1,2
baseflow month,2,2,2,1,1,2
carbon latitude,2,2,2,1,1,2
column latitude,2,2,2,1,1,2
concentration ph,2,2,2,1,1,2
cumulative discharge,2,2,2,1,1,2
date icethickness,2,2,2,1,1,2
date river,2,2,2,1,1,2
depth ice,2,2,2,1,1,2
depth soil,2,2,2,1,1,2
equivalent date,2,2,2,1,1,2
export ease,2,2,2,1,1,2
export river,2,2,2,1,1,2
grid column,2,2,2,1,1,2
grid row,2,2,2,1,1,2
icethickness snowdepth,2,2,2,1,1,2
id basin,2,2,2,1,1,2
id date,2,2,2,1,1,2
id latitude,2,2,2,1,1,2
latitude time,2,2,2,1,1,2
longitude baseflow,2,2,2,1,1,2
longitude runoff,2,2,2,1,1,2
longitude snow,2,2,2,1,1,2
longitude soil,2,2,2,1,1,2
lower depth,2,2,2,1,1,2
na mg,2,2,2,1,1,2
observation date,2,2,2,1,1,2
oxygen saturation,2,2,2,1,1,2
river cumulative,2,2,2,1,1,2
river discharge,2,2,2,1,1,2
row ease,2,2,2,1,1,2
runoff month,2,2,2,1,1,2
salinity temperature,2,2,2,1,1,2
sample depth,2,2,2,1,1,2
snow water,2,2,2,1,1,2
soil depth,2,2,2,1,1,2
solar radiation,2,2,2,1,1,2
speed air,2,2,2,1,1,2
temperature dissolved,2,2,2,1,1,2
temperature ghaas,2,2,2,1,1,2
temperature notes,2,2,2,1,1,2
temperature pressure,2,2,2,1,1,2
treatment plot,2,2,2,1,1,2
0 length,1,1,1,1,1,2
0 weight,1,1,1,1,1,2
01 total,1,1,1,1,1,2
07 13,1,1,1,1,1,2
07 15,1,1,1,1,1,2
07 17,1,1,1,1,1,2
08 01,1,1,1,1,1,2
1 24,1,1,1,1,1,2
1 a254,1,1,1,1,1,2
1 a350,1,1,1,1,1,2
1 a365,1,1,1,1,1,2
1 a375,1,1,1,1,1,2
1 a412,1,1,1,1,1,2
1 a440,1,1,1,1,1,2
1 ch4,1,1,1,1,1,2
1 cond_mmol_m,1,1,1,1,1,2
1 january,1,1,1,1,1,2
1 leaf,1,1,1,1,1,2
1 length,1,1,1,1,1,2
1 par,1,1,1,1,1,2
10 cf_cf1_20,1,1,1,1,1,2
10 cf_sg1_,1,1,1,1,1,2
10 cf_tl1_20,1,1,1,1,1,2
10 sg_cf1_,1,1,1,1,1,2
10 sg_cf2_,1,1,1,1,1,2
10 sg_sg1_,1,1,1,1,1,2
10 sg_tl1_20,1,1,1,1,1,2
10 sg_tl2_,1,1,1,1,1,2
10 tl_cf1_,1,1,1,1,1,2
10 tl_sg1_20,1,1,1,1,1,2
10 tl_sg2_,1,1,1,1,1,2
10.1029 1999jc900081,1,1,1,1,1,2
10be concentration,1,1,1,1,1,2
10be_9be ratio_uncertainty,1,1,1,1,1,2
10be_9be_ratio 10be_atoms,1,1,1,1,1,2
10be_9be_ratio ratio_uncertainty,1,1,1,1,1,2
10be_atoms samples,1,1,1,1,1,2
10be_cocentration_uncertainty lm_age_ka,1,1,1,1,1,2
10be_concentration 10be_cocentration_uncertainty,1,1,1,1,1,2
10be_concentration_uncertainty age_ka,1,1,1,1,1,2
10be_concetration 10be,1,1,1,1,1,2
13 measuredon_2013,1,1,1,1,1,2
13 percent,1,1,1,1,1,2
13c average,1,1,1,1,1,2
13c carbon,1,1,1,1,1,2
13c plot,1,1,1,1,1,2
14 error,1,1,1,1,1,2
14 uncalibrated,1,1,1,1,1,2
14c_plfa branched,1,1,1,1,1,2
15 measuredon_2013,1,1,1,1,1,2
15n nitrogen,1,1,1,1,1,2
16 sea,1,1,1,1,1,2
17 measuredon_2013,1,1,1,1,1,2
179 signal,1,1,1,1,1,2
18 delh,1,1,1,1,1,2
18 notes,1,1,1,1,1,2
181 signal,1,1,1,1,1,2
18o delta,1,1,1,1,1,2
18s rrna,1,1,1,1,1,2
1952 coarse,1,1,1,1,1,2
1952 fine,1,1,1,1,1,2
1979 coarse,1,1,1,1,1,2
1979 fine,1,1,1,1,1,2
1999 doi,1,1,1,1,1,2
1999jc900081 aerosol,1,1,1,1,1,2
1to15 treatment.temperature,1,1,1,1,1,2
2 background,1,1,1,1,1,2
2 cf_sg1_20,1,1,1,1,1,2
2 leaf,1,1,1,1,1,2
2 length,1,1,1,1,1,2
2 meter,1,1,1,1,1,2
2 plot,1,1,1,1,1,2
2 sg_cf1_20,1,1,1,1,1,2
2 sg_cf2_20,1,1,1,1,1,2
2 sg_tl1_,1,1,1,1,1,2
2 sg_tl2_,1,1,1,1,1,2
2 temperature,1,1,1,1,1,2
2 tl_cf1_20,1,1,1,1,1,2
2 tl_cf2_20,1,1,1,1,1,2
2 tl_sg2_,1,1,1,1,1,2
2 tl_sg2_20,1,1,1,1,1,2
2010 effective,1,1,1,1,1,2
2010 phase,1,1,1,1,1,2
2012 water,1,1,1,1,1,2
2015 coarse,1,1,1,1,1,2
2015 fine,1,1,1,1,1,2
2016 atmospheric,1,1,1,1,1,2
2016 co2,1,1,1,1,1,2
2016 flux,1,1,1,1,1,2
2016 latitude,1,1,1,1,1,2
2016 longitude,1,1,1,1,1,2
2016 salinity,1,1,1,1,1,2
2016 wind,1,1,1,1,1,2
24 cloud,1,1,1,1,1,2
24 hr,1,1,1,1,1,2
254 nm,1,1,1,1,1,2
271 time,1,1,1,1,1,2
28 ampl,1,1,1,1,1,2
28s rrna,1,1,1,1,1,2
3 leaf,1,1,1,1,1,2
3 length,1,1,1,1,1,2
380 nm,1,1,1,1,1,2
4 leaf,1,1,1,1,1,2
4 length,1,1,1,1,1,2
44 replicates,1,1,1,1,1,2
5 leaf,1,1,1,1,1,2
5 length,1,1,1,1,1,2
500 hpa,1,1,1,1,1,2
6 date,1,1,1,1,1,2
6 la,1,1,1,1,1,2
6 length,1,1,1,1,1,2
7 length,1,1,1,1,1,2
7 weight,1,1,1,1,1,2
8 depth,1,1,1,1,1,2
850hpa kg,1,1,1,1,1,2
925 hpa,1,1,1,1,1,2
9be_added_mg 10be_9be_ratio,1,1,1,1,1,2
a_1 chlorophyll,1,1,1,1,1,2
a_10 chlorophyll,1,1,1,1,1,2
a_11 chlorophyll,1,1,1,1,1,2
a_2 chlorophyll,1,1,1,1,1,2
a_3 chlorophyll,1,1,1,1,1,2
a_4 chlorophyll,1,1,1,1,1,2
a_5 chlorophyll,1,1,1,1,1,2
a_6 chlorophyll,1,1,1,1,1,2
a_7 chlorophyll,1,1,1,1,1,2
a_8 chlorophyll,1,1,1,1,1,2
a_9 chlorophyll,1,1,1,1,1,2
ablation rate,1,1,1,1,1,2
abundance biomass,1,1,1,1,1,2
abundance foliar,1,1,1,1,1,2
abundance total,1,1,1,1,1,2
accelerator mass,1,1,1,1,1,2
accumulated freezing,1,1,1,1,1,2
accumulation meters,1,1,1,1,1,2
accumulation september,1,1,1,1,1,2
acetate formate,1,1,1,1,1,2
acid signal,1,1,1,1,1,2
acquired data,1,1,1,1,1,2
acquisition date,1,1,1,1,1,2
active radiation_1,1,1,1,1,1,2
active radiation_10,1,1,1,1,1,2
active radiation_11,1,1,1,1,1,2
active radiation_12,1,1,1,1,1,2
active radiation_2,1,1,1,1,1,2
active radiation_3,1,1,1,1,1,2
active radiation_4,1,1,1,1,1,2
active radiation_5,1,1,1,1,1,2
active radiation_6,1,1,1,1,1,2
active radiation_7,1,1,1,1,1,2
active radiation_8,1,1,1,1,1,2
active radiation_9,1,1,1,1,1,2
addition average,1,1,1,1,1,2
addition d13c,1,1,1,1,1,2
addition d15n,1,1,1,1,1,2
addition date,1,1,1,1,1,2
addition day,1,1,1,1,1,2
addition delta,1,1,1,1,1,2
addition lower,1,1,1,1,1,2
addition percent,1,1,1,1,1,2
addition percentage,1,1,1,1,1,2
addition sampling,1,1,1,1,1,2
ag al,1,1,1,1,1,2
age c28,1,1,1,1,1,2
age fraction,1,1,1,1,1,2
age method,1,1,1,1,1,2
age_uncertainty_ka ams_facility,1,1,1,1,1,2
agricultural waste,1,1,1,1,1,2
air dry,1,1,1,1,1,2
air pressure,1,1,1,1,1,2
air sample,1,1,1,1,1,2
airborne topographic,1,1,1,1,1,2
airt gc,1,1,1,1,1,2
airt snowdepth_gapfilled,1,1,1,1,1,2
airt umolesco2,1,1,1,1,1,2
airtc_avg rh_avg,1,1,1,1,1,2
akst clo,1,1,1,1,1,2
al 1999,1,1,1,1,1,2
albedo_avg cg3upco_avg,1,1,1,1,1,2
alpha coefficient,1,1,1,1,1,2
alphaweair alphaweice,1,1,1,1,1,2
alphaweice weair,1,1,1,1,1,2
ambient gcumolesco2,1,1,1,1,1,2
amine availability,1,1,1,1,1,2
ammonium blank,1,1,1,1,1,2
ammonium day,1,1,1,1,1,2
ammonium_1 ammonium_2,1,1,1,1,1,2
ammonium_10 ammonium_11,1,1,1,1,1,2
ammonium_11 ammonium_12,1,1,1,1,1,2
ammonium_2 ammonium_3,1,1,1,1,1,2
ammonium_3 ammonium_4,1,1,1,1,1,2
ammonium_4 ammonium_5,1,1,1,1,1,2
ammonium_5 ammonium_6,1,1,1,1,1,2
ammonium_6 ammonium_7,1,1,1,1,1,2
ammonium_7 ammonium_8,1,1,1,1,1,2
ammonium_8 ammonium_9,1,1,1,1,1,2
ammonium_9 ammonium_10,1,1,1,1,1,2
ammonium_blankcorrected nitrate_blankcorrected,1,1,1,1,1,2
ammonium_per_day nitrate_per_day,1,1,1,1,1,2
ampl 28,1,1,1,1,1,2
ampl 44,1,1,1,1,1,2
ams_facility latitude,1,1,1,1,1,2
ams_facility sample_id,1,1,1,1,1,2
analytical uncertainty,1,1,1,1,1,2
annual net,1,1,1,1,1,2
annual snow,1,1,1,1,1,2
anomaly conductivity,1,1,1,1,1,2
anomaly station,1,1,1,1,1,2
anomaly temperature,1,1,1,1,1,2
aod residential,1,1,1,1,1,2
applicable range,1,1,1,1,1,2
approximate date,1,1,1,1,1,2
areal basis,1,1,1,1,1,2
aspect deg,1,1,1,1,1,2
atm ice,1,1,1,1,1,2
atm lidar,1,1,1,1,1,2
august winter,1,1,1,1,1,2
availability po4,1,1,1,1,1,2
average air,1,1,1,1,1,2
average annual,1,1,1,1,1,2
average d15n,1,1,1,1,1,2
average daily,1,1,1,1,1,2
average thaw,1,1,1,1,1,2
b_glucosidase n_acetyl_glucosaminidase,1,1,1,1,1,2
ba la,1,1,1,1,1,2
background 2,1,1,1,1,1,2
background reading,1,1,1,1,1,2
bacterialbiomass fungalbiomass,1,1,1,1,1,2
barometric absolute,1,1,1,1,1,2
basis flag,1,1,1,1,1,2
basis pigment,1,1,1,1,1,2
battery temperature,1,1,1,1,1,2
be_9_added milligrams,1,1,1,1,1,2
bearing velocity,1,1,1,1,1,2
bi decadal,1,1,1,1,1,2
biomass nitrogen,1,1,1,1,1,2
biomass transect,1,1,1,1,1,2
blank ammonium,1,1,1,1,1,2
blank nitrate,1,1,1,1,1,2
blank phosphate,1,1,1,1,1,2
blank_corrected_10be_ concentration_uncertainty,1,1,1,1,1,2
blank_corrected_10be_concentration 10be_concentration_uncertainty,1,1,1,1,1,2
blank_corrected_10be_concentration atoms,1,1,1,1,1,2
block color,1,1,1,1,1,2
block harvest,1,1,1,1,1,2
block soil_depth,1,1,1,1,1,2
block tissue,1,1,1,1,1,2
body type,1,1,1,1,1,2
bone element,1,1,1,1,1,2
bounding boxes,1,1,1,1,1,2
boxes site,1,1,1,1,1,2
bp_mbar_avg ws_ms_avg,1,1,1,1,1,2
br2 br2,1,1,1,1,1,2
br2 uncertainty,1,1,1,1,1,2
branched mono,1,1,1,1,1,2
brcl brcl,1,1,1,1,1,2
brcl uncertainty,1,1,1,1,1,2
brightness_temperature short,1,1,1,1,1,2
bro bro,1,1,1,1,1,2
bro uncertainty,1,1,1,1,1,2
buds mass,1,1,1,1,1,2
burning aod,1,1,1,1,1,2
burning bb,1,1,1,1,1,2
burning specific,1,1,1,1,1,2
c_c1_10 c_c1_20,1,1,1,1,1,2
c_c1_20 c_s1_10,1,1,1,1,1,2
c_mass ug,1,1,1,1,1,2
c_s1_10 c_s1_2,1,1,1,1,1,2
c_s1_2 c_t1_10,1,1,1,1,1,2
c_t1_10 c_t1_2,1,1,1,1,1,2
c_t1_2 s_c1_10,1,1,1,1,1,2
c28 fatty,1,1,1,1,1,2
ca gardenmeangasex,1,1,1,1,1,2
ca mg,1,1,1,1,1,2
ca ti,1,1,1,1,1,2
ca44 intensity,1,1,1,1,1,2
calanus hyperboreus,1,1,1,1,1,2
calcium carbonate,1,1,1,1,1,2
calibrated conductivity,1,1,1,1,1,2
calving rate,1,1,1,1,1,2
calving submarine,1,1,1,1,1,2
canopy cover,1,1,1,1,1,2
captured image,1,1,1,1,1,2
carbon absorbance,1,1,1,1,1,2
carbon addition,1,1,1,1,1,2
carbon data,1,1,1,1,1,2
carbon microbial,1,1,1,1,1,2
carbon water,1,1,1,1,1,2
carbon weight,1,1,1,1,1,2
carbonate site,1,1,1,1,1,2
carrier_added_g 10be_9be_ratio,1,1,1,1,1,2
carrier_concentration 10be_9be_ratio,1,1,1,1,1,2
carrier_g 10be_9be_ratio,1,1,1,1,1,2
carrier_g carrier_concentration,1,1,1,1,1,2
category latitude_dd,1,1,1,1,1,2
caught species,1,1,1,1,1,2
cd cs,1,1,1,1,1,2
cdr_cloud_binary_mask solar_zenith_angle,1,1,1,1,1,2
ce gc2015,1,1,1,1,1,2
ce pr,1,1,1,1,1,2
cell counts,1,1,1,1,1,2
celsius salinity,1,1,1,1,1,2
center profile,1,1,1,1,1,2
centerline index,1,1,1,1,1,2
cf_cf1_ 10,1,1,1,1,1,2
cf_cf1_ 2,1,1,1,1,1,2
cf_cf1_20 cf_cf1_,1,1,1,1,1,2
cf_sg1_ 10,1,1,1,1,1,2
cf_sg1_ 2,1,1,1,1,1,2
cf_sg1_20 cf_sg1_,1,1,1,1,1,2
cf_tl1_ 10,1,1,1,1,1,2
cf_tl1_ 2,1,1,1,1,1,2
cf_tl1_20 sg_cf1_,1,1,1,1,1,2
cg3dn_avg netrs_avg,1,1,1,1,1,2
cg3dnco_avg temp0_avg,1,1,1,1,1,2
cg3up_avg cg3dn_avg,1,1,1,1,1,2
cg3upco_avg cg3dnco_avg,1,1,1,1,1,2
ch4_flux_f ch4_flux_gf,1,1,1,1,1,2
ch4_flux_f qc_ch4_flux,1,1,1,1,1,2
ch4_flux_f qc_ch4_flux_f,1,1,1,1,1,2
ch4_flux_gf qc_ch4_flux_gf,1,1,1,1,1,2
ch4_mol_fraction potrad,1,1,1,1,1,2
ch4_mole_fraction potrad,1,1,1,1,1,2
chamber drying,1,1,1,1,1,2
chamber type,1,1,1,1,1,2
chemistry unit,1,1,1,1,1,2
chlorophyll a_1,1,1,1,1,1,2
chlorophyll a_10,1,1,1,1,1,2
chlorophyll a_11,1,1,1,1,1,2
chlorophyll a_12,1,1,1,1,1,2
chlorophyll a_2,1,1,1,1,1,2
chlorophyll a_3,1,1,1,1,1,2
chlorophyll a_4,1,1,1,1,1,2
chlorophyll a_5,1,1,1,1,1,2
chlorophyll a_6,1,1,1,1,1,2
chlorophyll a_7,1,1,1,1,1,2
chlorophyll a_8,1,1,1,1,1,2
chlorophyll a_9,1,1,1,1,1,2
citation estimated,1,1,1,1,1,2
citation information,1,1,1,1,1,2
cl mg,1,1,1,1,1,2
cl2 cl2,1,1,1,1,1,2
cl2 uncertainty,1,1,1,1,1,2
class tr_length,1,1,1,1,1,2
class unique,1,1,1,1,1,2
classes ecological,1,1,1,1,1,2
classification 1952,1,1,1,1,1,2
classification description,1,1,1,1,1,2
classification elevation,1,1,1,1,1,2
clno2 clno2,1,1,1,1,1,2
clno2 uncertainty,1,1,1,1,1,2
clo clo,1,1,1,1,1,2
clo uncertainty,1,1,1,1,1,2
clones 28s,1,1,1,1,1,2
cloud fraction,1,1,1,1,1,2
cloud mask,1,1,1,1,1,2
cloud particle,1,1,1,1,1,2
cloud pixel,1,1,1,1,1,2
cloud_optical_depth float,1,1,1,1,1,2
cloud_particle_radius float,1,1,1,1,1,2
cloud_top_pressure float,1,1,1,1,1,2
cloud_top_temperature short,1,1,1,1,1,2
cloud_type float,1,1,1,1,1,2
cm 18s,1,1,1,1,1,2
cm average,1,1,1,1,1,2
cm easting,1,1,1,1,1,2
cm fl,1,1,1,1,1,2
cm leader,1,1,1,1,1,2
cm litter,1,1,1,1,1,2
cm mass,1,1,1,1,1,2
cm maximum,1,1,1,1,1,2
cm org,1,1,1,1,1,2
cm sample,1,1,1,1,1,2
cm site.code,1,1,1,1,1,2
cm thaw,1,1,1,1,1,2
cm width,1,1,1,1,1,2
cm3dn_avg cg3up_avg,1,1,1,1,1,2
cm3up_avg cm3dn_avg,1,1,1,1,1,2
cncode d15n,1,1,1,1,1,2
co2 super,1,1,1,1,1,2
coastal floodplain,1,1,1,1,1,2
coastal shoreline,1,1,1,1,1,2
code treatment,1,1,1,1,1,2
code version,1,1,1,1,1,2
coefficient accumulated,1,1,1,1,1,2
colldensity avsoilmoisture,1,1,1,1,1,2
collected ammonia,1,1,1,1,1,2
collected data,1,1,1,1,1,2
collected ph,1,1,1,1,1,2
collected pigment,1,1,1,1,1,2
collection shot,1,1,1,1,1,2
collection type,1,1,1,1,1,2
colltype colldensity,1,1,1,1,1,2
color code,1,1,1,1,1,2
combustion aod,1,1,1,1,1,2
comments tar103_allele1,1,1,1,1,1,2
concentration ammonia,1,1,1,1,1,2
concentration carbon,1,1,1,1,1,2
concentration delta,1,1,1,1,1,2
concentration nitric,1,1,1,1,1,2
concentration site,1,1,1,1,1,2
concentration station,1,1,1,1,1,2
concentration sulphate,1,1,1,1,1,2
concentration total,1,1,1,1,1,2
concentration uncertainty,1,1,1,1,1,2
concentration_uncertainty atoms,1,1,1,1,1,2
cond_mmol_m 2_s,1,1,1,1,1,2
conductivity data,1,1,1,1,1,2
conductivity depth,1,1,1,1,1,2
conductivity dgps,1,1,1,1,1,2
conductivity speed,1,1,1,1,1,2
content citation,1,1,1,1,1,2
content residual,1,1,1,1,1,2
contributor contributor,1,1,1,1,1,2
contributor identifier,1,1,1,1,1,2
coordinates bed,1,1,1,1,1,2
coordinates upper,1,1,1,1,1,2
copepods_1 copepods_2,1,1,1,1,1,2
copepods_10 copepods_11,1,1,1,1,1,2
copepods_11 copepods_12,1,1,1,1,1,2
copepods_2 copepods_3,1,1,1,1,1,2
copepods_3 copepods_4,1,1,1,1,1,2
copepods_4 copepods_5,1,1,1,1,1,2
copepods_5 copepods_6,1,1,1,1,1,2
copepods_6 copepods_7,1,1,1,1,1,2
copepods_7 copepods_8,1,1,1,1,1,2
copepods_8 copepods_9,1,1,1,1,1,2
copepods_9 copepods_10,1,1,1,1,1,2
core firn,1,1,1,1,1,2
counts clones,1,1,1,1,1,2
cr mn,1,1,1,1,1,2
cruise identification,1,1,1,1,1,2
cruz paleogenomics,1,1,1,1,1,2
cs ba,1,1,1,1,1,2
ctrl ctrl_se,1,1,1,1,1,2
ctrl_se low,1,1,1,1,1,2
cu zn,1,1,1,1,1,2
cushion size,1,1,1,1,1,2
d13c c_mass,1,1,1,1,1,2
d15n collected,1,1,1,1,1,2
d15n n_mass,1,1,1,1,1,2
d52003 site,1,1,1,1,1,2
daily precipitation,1,1,1,1,1,2
daily rainfall,1,1,1,1,1,2
data calendar,1,1,1,1,1,2
data collection,1,1,1,1,1,2
data date,1,1,1,1,1,2
data dates,1,1,1,1,1,2
data describing,1,1,1,1,1,2
data maximum,1,1,1,1,1,2
data source,1,1,1,1,1,2
data sources,1,1,1,1,1,2
data station,1,1,1,1,1,2
data total,1,1,1,1,1,2
dataset upper,1,1,1,1,1,2
date a250,1,1,1,1,1,2
date absolute,1,1,1,1,1,2
date alpha,1,1,1,1,1,2
date ammonia,1,1,1,1,1,2
date battery,1,1,1,1,1,2
date caught,1,1,1,1,1,2
date ch4,1,1,1,1,1,2
date chlorophyll,1,1,1,1,1,2
date code,1,1,1,1,1,2
date data,1,1,1,1,1,2
date days,1,1,1,1,1,2
date depth_n,1,1,1,1,1,2
date dry,1,1,1,1,1,2
date harvested,1,1,1,1,1,2
date hour,1,1,1,1,1,2
date mean_thaw_cm,1,1,1,1,1,2
date meangasex,1,1,1,1,1,2
date microbial,1,1,1,1,1,2
date mm,1,1,1,1,1,2
date plot,1,1,1,1,1,2
date rain,1,1,1,1,1,2
date sample,1,1,1,1,1,2
date satellite,1,1,1,1,1,2
date site,1,1,1,1,1,2
date tussock,1,1,1,1,1,2
date utc,1,1,1,1,1,2
date v1,1,1,1,1,1,2
date_time ctrl,1,1,1,1,1,2
daugaard jensen,1,1,1,1,1,2
day 1,1,1,1,1,1,2
day block,1,1,1,1,1,2
day nitrate,1,1,1,1,1,2
day phosphate,1,1,1,1,1,2
day radiation,1,1,1,1,1,2
day t1,1,1,1,1,1,2
day water,1,1,1,1,1,2
day week,1,1,1,1,1,2
day_postfire thaw_depth_uncorr,1,1,1,1,1,2
days weather,1,1,1,1,1,2
days.post.fert length.mm,1,1,1,1,1,2
dd yyyy,1,1,1,1,1,2
dead carbon,1,1,1,1,1,2
dead nitrogen,1,1,1,1,1,2
dead phosphorus,1,1,1,1,1,2
dead root,1,1,1,1,1,2
decay class,1,1,1,1,1,2
deg aspect,1,1,1,1,1,2
deg northness,1,1,1,1,1,2
degree days,1,1,1,1,1,2
degree kelvins,1,1,1,1,1,2
delo 18,1,1,1,1,1,2
delta 18o,1,1,1,1,1,2
delta nitrogen,1,1,1,1,1,2
density depth,1,1,1,1,1,2
density ice,1,1,1,1,1,2
density measurement,1,1,1,1,1,2
density_average density_sd,1,1,1,1,1,2
density_sd surfacetype,1,1,1,1,1,2
deployed date,1,1,1,1,1,2
deposited mass,1,1,1,1,1,2
depth aod,1,1,1,1,1,2
depth dissolved,1,1,1,1,1,2
depth elevation,1,1,1,1,1,2
depth lat,1,1,1,1,1,2
depth meters,1,1,1,1,1,2
depth modelled,1,1,1,1,1,2
depth oxygen,1,1,1,1,1,2
depth percent,1,1,1,1,1,2
depth permeability,1,1,1,1,1,2
depth salinity,1,1,1,1,1,2
depth significant,1,1,1,1,1,2
depth slug,1,1,1,1,1,2
depth speed,1,1,1,1,1,2
depth station,1,1,1,1,1,2
depth tidal,1,1,1,1,1,2
depth_average depth_sd,1,1,1,1,1,2
depth_m depth_mweq,1,1,1,1,1,2
depth_mweq sr,1,1,1,1,1,2
depth_n density_average,1,1,1,1,1,2
depth_n depth_average,1,1,1,1,1,2
depth_sd depth_n,1,1,1,1,1,2
describing visual,1,1,1,1,1,2
detection limit,1,1,1,1,1,2
deuterium delta,1,1,1,1,1,2
deuterium excess,1,1,1,1,1,2
deuterium isotope,1,1,1,1,1,2
devices north,1,1,1,1,1,2
dgps elevation,1,1,1,1,1,2
diag_77_mean potrad,1,1,1,1,1,2
diam decay,1,1,1,1,1,2
diatoms_1 diatoms_2,1,1,1,1,1,2
diatoms_10 diatoms_11,1,1,1,1,1,2
diatoms_11 diatoms_12,1,1,1,1,1,2
diatoms_2 diatoms_3,1,1,1,1,1,2
diatoms_3 diatoms_4,1,1,1,1,1,2
diatoms_4 diatoms_5,1,1,1,1,1,2
diatoms_5 diatoms_6,1,1,1,1,1,2
diatoms_6 diatoms_7,1,1,1,1,1,2
diatoms_7 diatoms_8,1,1,1,1,1,2
diatoms_8 diatoms_9,1,1,1,1,1,2
diatoms_9 diatoms_10,1,1,1,1,1,2
direction photosynthetically,1,1,1,1,1,2
dissolved phosphorus,1,1,1,1,1,2
doi 10.1029,1,1,1,1,1,2
doy time,1,1,1,1,1,2
dry warm,1,1,1,1,1,2
dry wt,1,1,1,1,1,2
dry wtd,1,1,1,1,1,2
drying warming,1,1,1,1,1,2
duration threshold,1,1,1,1,1,2
dynamic 1952,1,1,1,1,1,2
east siberia,1,1,1,1,1,2
easting northing,1,1,1,1,1,2
ecological term,1,1,1,1,1,2
ecosystem production,1,1,1,1,1,2
efficient co2,1,1,1,1,1,2
efflux post,1,1,1,1,1,2
eigenvalues 1,1,1,1,1,1,2
element locality,1,1,1,1,1,2
elevation dissolved,1,1,1,1,1,2
elevation error,1,1,1,1,1,2
elevation measurements,1,1,1,1,1,2
elevation profile,1,1,1,1,1,2
elevation thaw,1,1,1,1,1,2
elevation water,1,1,1,1,1,2
ellipsoid 1,1,1,1,1,1,2
en date,1,1,1,1,1,2
energy notes,1,1,1,1,1,2
entry unique,1,1,1,1,1,2
equivalence approximate,1,1,1,1,1,2
equivalent summer,1,1,1,1,1,2
error 1,1,1,1,1,1,2
error carbon,1,1,1,1,1,2
error delta,1,1,1,1,1,2
error estimate,1,1,1,1,1,2
estimated top,1,1,1,1,1,2
event bi,1,1,1,1,1,2
ext_res_14c tle_14c,1,1,1,1,1,2
extractable_oragnic_c total_extractable_n,1,1,1,1,1,2
fac10 firn,1,1,1,1,1,2
facility sample,1,1,1,1,1,2
family indiv,1,1,1,1,1,2
fatty acid,1,1,1,1,1,2
fe56 intensity,1,1,1,1,1,2
fence chamber,1,1,1,1,1,2
fence plot,1,1,1,1,1,2
fence warming,1,1,1,1,1,2
fid shape,1,1,1,1,1,2
fine dead,1,1,1,1,1,2
fine live,1,1,1,1,1,2
firn core,1,1,1,1,1,2
firn depth,1,1,1,1,1,2
firn ice,1,1,1,1,1,2
fish collection,1,1,1,1,1,2
fish_id fish,1,1,1,1,1,2
fl cm,1,1,1,1,1,2
flag carbon,1,1,1,1,1,2
flag nitrogen,1,1,1,1,1,2
flag profile,1,1,1,1,1,2
flag salinity,1,1,1,1,1,2
flag temperature,1,1,1,1,1,2
flagellates_1 flagellates_2,1,1,1,1,1,2
flagellates_10 flagellates_11,1,1,1,1,1,2
flagellates_11 flagellates_12,1,1,1,1,1,2
flagellates_2 flagellates_3,1,1,1,1,1,2
flagellates_3 flagellates_4,1,1,1,1,1,2
flagellates_4 flagellates_5,1,1,1,1,1,2
flagellates_5 flagellates_6,1,1,1,1,1,2
flagellates_6 flagellates_7,1,1,1,1,1,2
flagellates_7 flagellates_8,1,1,1,1,1,2
flagellates_8 flagellates_9,1,1,1,1,1,2
flagellates_9 flagellates_10,1,1,1,1,1,2
float cloud_optical_depth,1,1,1,1,1,2
float cloud_particle_radius,1,1,1,1,1,2
float cloud_top_pressure,1,1,1,1,1,2
float cloud_top_temperature,1,1,1,1,1,2
float surface_longwave_cloud_radiative_forcing,1,1,1,1,1,2
float surface_shortwave_cloud_radiative_forcing,1,1,1,1,1,2
floodplain coastal,1,1,1,1,1,2
flower ttf,1,1,1,1,1,2
flowers buds,1,1,1,1,1,2
floy tag,1,1,1,1,1,2
flux soil,1,1,1,1,1,2
flux super,1,1,1,1,1,2
forest carex,1,1,1,1,1,2
forest gap,1,1,1,1,1,2
form species,1,1,1,1,1,2
formate oxalate,1,1,1,1,1,2
fossil fuel,1,1,1,1,1,2
free primary,1,1,1,1,1,2
freezing degree,1,1,1,1,1,2
frontal ablation,1,1,1,1,1,2
fs fms,1,1,1,1,1,2
fuel ff,1,1,1,1,1,2
functional type,1,1,1,1,1,2
fungalbiomass locationsurfpreds,1,1,1,1,1,2
g7 ndvi,1,1,1,1,1,2
gap survey,1,1,1,1,1,2
gardenmean gardenmeangasex,1,1,1,1,1,2
gardenmeangasex mass,1,1,1,1,1,2
gas transfer,1,1,1,1,1,2
gaz flaring,1,1,1,1,1,2
gaz industry,1,1,1,1,1,2
gc reco,1,1,1,1,1,2
gc t5cm,1,1,1,1,1,2
gc_er gc_gpp,1,1,1,1,1,2
gc_nee gc_er,1,1,1,1,1,2
gc2015 site,1,1,1,1,1,2
gcumolesco2 airt,1,1,1,1,1,2
geographic sampling,1,1,1,1,1,2
geoid height,1,1,1,1,1,2
geomorphology longitude,1,1,1,1,1,2
glacier center,1,1,1,1,1,2
glacier daugaard,1,1,1,1,1,2
gmt short,1,1,1,1,1,2
gpp_fqc gc_nee,1,1,1,1,1,2
grain type,1,1,1,1,1,2
gram age_ka,1,1,1,1,1,2
gram blank_corrected_10be_,1,1,1,1,1,2
grams site,1,1,1,1,1,2
gray ice,1,1,1,1,1,2
green moss,1,1,1,1,1,2
grid degree,1,1,1,1,1,2
grid latitude,1,1,1,1,1,2
grid sea,1,1,1,1,1,2
gridcell time,1,1,1,1,1,2
growth cm,1,1,1,1,1,2
growth form,1,1,1,1,1,2
gust speed,1,1,1,1,1,2
gw2014 site,1,1,1,1,1,2
habitat freshwater,1,1,1,1,1,2
harvest start,1,1,1,1,1,2
harvested isotopesamplemass,1,1,1,1,1,2
harvested latitude,1,1,1,1,1,2
hdx tag,1,1,1,1,1,2
height 1,1,1,1,1,1,2
height average,1,1,1,1,1,2
height cm,1,1,1,1,1,2
height maximum,1,1,1,1,1,2
height significant,1,1,1,1,1,2
ho2no2 ho2no2,1,1,1,1,1,2
ho2no2 uncertainty,1,1,1,1,1,2
hobr hobr,1,1,1,1,1,2
hobr uncertainty,1,1,1,1,1,2
horizon measured,1,1,1,1,1,2
hour julian,1,1,1,1,1,2
hour latitude,1,1,1,1,1,2
hpa integrated,1,1,1,1,1,2
hpa kg,1,1,1,1,1,2
humidity wind,1,1,1,1,1,2
hyperboreus data,1,1,1,1,1,2
hypobromous acid,1,1,1,1,1,2
ice dark,1,1,1,1,1,2
ice data,1,1,1,1,1,2
ice extent,1,1,1,1,1,2
ice index,1,1,1,1,1,2
ice melt,1,1,1,1,1,2
ice section,1,1,1,1,1,2
ice surface,1,1,1,1,1,2
ice terms,1,1,1,1,1,2
ice volume,1,1,1,1,1,2
iceberg calving,1,1,1,1,1,2
icebridge airborne,1,1,1,1,1,2
id bone,1,1,1,1,1,2
id delta,1,1,1,1,1,2
id dynamic,1,1,1,1,1,2
id labile,1,1,1,1,1,2
id northing,1,1,1,1,1,2
id sample,1,1,1,1,1,2
id site,1,1,1,1,1,2
id start,1,1,1,1,1,2
id treatment,1,1,1,1,1,2
idenfier day,1,1,1,1,1,2
identification date,1,1,1,1,1,2
identification station,1,1,1,1,1,2
identifier citation,1,1,1,1,1,2
identifier ice,1,1,1,1,1,2
identifier latitude,1,1,1,1,1,2
identifier plot,1,1,1,1,1,2
identifier replicate,1,1,1,1,1,2
identifier source,1,1,1,1,1,2
identifier unique,1,1,1,1,1,2
identifier vegetation,1,1,1,1,1,2
ii iron,1,1,1,1,1,2
iii lactate,1,1,1,1,1,2
illullip sermia,1,1,1,1,1,2
image acquisition,1,1,1,1,1,2
image data,1,1,1,1,1,2
image ice,1,1,1,1,1,2
image pairs,1,1,1,1,1,2
imagej.num inagej.file.name,1,1,1,1,1,2
incubated shrub,1,1,1,1,1,2
incubated tussock,1,1,1,1,1,2
index ice,1,1,1,1,1,2
indiv 1to15,1,1,1,1,1,2
individual plants,1,1,1,1,1,2
instrument standard,1,1,1,1,1,2
integrated aerosol,1,1,1,1,1,2
integrated total,1,1,1,1,1,2
intensity ca44,1,1,1,1,1,2
intensity fe56,1,1,1,1,1,2
intensity pamir,1,1,1,1,1,2
intsoilpreds bacterialbiomass,1,1,1,1,1,2
intsurfpreds avsoilmoisture,1,1,1,1,1,2
iodine monobromide,1,1,1,1,1,2
iron ii,1,1,1,1,1,2
iron iii,1,1,1,1,1,2
isbrae kangerlussuaq,1,1,1,1,1,2
isotope comment,1,1,1,1,1,2
isotope sample,1,1,1,1,1,2
isotopesamplemass mg,1,1,1,1,1,2
jakobshavn isbrae,1,1,1,1,1,2
january 2012,1,1,1,1,1,2
jensen glacier,1,1,1,1,1,2
k_um si_um,1,1,1,1,1,2
k_um so4_um,1,1,1,1,1,2
kangerlussuaq glacier,1,1,1,1,1,2
kelvins temperature,1,1,1,1,1,2
kwh geomorphology,1,1,1,1,1,2
la ce,1,1,1,1,1,2
la mother,1,1,1,1,1,2
lab museum,1,1,1,1,1,2
labeled plot,1,1,1,1,1,2
labile carbon,1,1,1,1,1,2
lactate acetate,1,1,1,1,1,2
lake dissolved,1,1,1,1,1,2
landscape position,1,1,1,1,1,2
latitude center,1,1,1,1,1,2
latitude sample_id,1,1,1,1,1,2
latitude start,1,1,1,1,1,2
latitude station,1,1,1,1,1,2
latitude super,1,1,1,1,1,2
latitude_dd longitude_dd,1,1,1,1,1,2
latitude_north longitude_degrees_west,1,1,1,1,1,2
latitude_north longitude_west,1,1,1,1,1,2
layer d52003,1,1,1,1,1,2
layer gw2014,1,1,1,1,1,2
layer hardness,1,1,1,1,1,2
layer nu2015,1,1,1,1,1,2
leader growth,1,1,1,1,1,2
leaf tissue,1,1,1,1,1,2
leaves leaf,1,1,1,1,1,2
length shape_length,1,1,1,1,1,2
length.mm measured.status,1,1,1,1,1,2
li sc,1,1,1,1,1,2
lidar 1,1,1,1,1,1,2
limit applicable,1,1,1,1,1,2
line vertex,1,1,1,1,1,2
litter depth,1,1,1,1,1,2
litterbaglocation litterpercentmoisture,1,1,1,1,1,2
litterpercentmassremaining percentnremaining,1,1,1,1,1,2
litterpercentmoisture litterpercentmassremaining,1,1,1,1,1,2
live carbon,1,1,1,1,1,2
live nitrogen,1,1,1,1,1,2
live phosphorus,1,1,1,1,1,2
live root,1,1,1,1,1,2
lm_age_ka age_uncertainty_ka,1,1,1,1,1,2
lm_age_ka lm_age_uncertainty,1,1,1,1,1,2
lm_age_uncertainty ams_facility,1,1,1,1,1,2
locality accelerator,1,1,1,1,1,2
locality notes,1,1,1,1,1,2
location colltype,1,1,1,1,1,2
location day_postfire,1,1,1,1,1,2
location frontal,1,1,1,1,1,2
location growth,1,1,1,1,1,2
location latitude,1,1,1,1,1,2
location oribatidmites,1,1,1,1,1,2
location plant,1,1,1,1,1,2
location reference,1,1,1,1,1,2
location start,1,1,1,1,1,2
location vegetation,1,1,1,1,1,2
location ww,1,1,1,1,1,2
locationsurfpreds intsurfpreds,1,1,1,1,1,2
longitude abundance,1,1,1,1,1,2
longitude ammonium_1,1,1,1,1,1,2
longitude chlorophyll,1,1,1,1,1,2
longitude copepods_1,1,1,1,1,1,2
longitude depth,1,1,1,1,1,2
longitude description,1,1,1,1,1,2
longitude detrital,1,1,1,1,1,2
longitude diatoms_1,1,1,1,1,1,2
longitude dissolved,1,1,1,1,1,2
longitude flagellates_1,1,1,1,1,1,2
longitude ice,1,1,1,1,1,2
longitude image,1,1,1,1,1,2
longitude iron,1,1,1,1,1,2
longitude isotope,1,1,1,1,1,2
longitude microzooplankton_1,1,1,1,1,1,2
longitude nitrate_1,1,1,1,1,1,2
longitude photosynthetically,1,1,1,1,1,2
longitude predator,1,1,1,1,1,2
longitude primary,1,1,1,1,1,2
longitude silicate_1,1,1,1,1,1,2
longitude super,1,1,1,1,1,2
longitude time,1,1,1,1,1,2
longitude unique,1,1,1,1,1,2
longitude water,1,1,1,1,1,2
longitude waterbodyname,1,1,1,1,1,2
longitude_dd date,1,1,1,1,1,2
longitude_degrees_west elevation_m_asl,1,1,1,1,1,2
longitude_west elevation_m_asl,1,1,1,1,1,2
longitudinal resistive,1,1,1,1,1,2
lost porewater,1,1,1,1,1,2
low low_se,1,1,1,1,1,2
low_se mod,1,1,1,1,1,2
lower left,1,1,1,1,1,2
lower tropospheric,1,1,1,1,1,2
mapper atm,1,1,1,1,1,2
maritime transportation,1,1,1,1,1,2
mass basis,1,1,1,1,1,2
mass delta,1,1,1,1,1,2
mass mass,1,1,1,1,1,2
mass meanconductance,1,1,1,1,1,2
mass percentage,1,1,1,1,1,2
mass population,1,1,1,1,1,2
mass remaining,1,1,1,1,1,2
mass spectrometry,1,1,1,1,1,2
mass start,1,1,1,1,1,2
mass tiller,1,1,1,1,1,2
material harvested,1,1,1,1,1,2
maximum daily,1,1,1,1,1,2
maximum depth,1,1,1,1,1,2
maximum grain,1,1,1,1,1,2
maximum thaw,1,1,1,1,1,2
maximum_cm cv_,1,1,1,1,1,2
mbc mbn,1,1,1,1,1,2
mbn mbp,1,1,1,1,1,2
mbp b_glucosidase,1,1,1,1,1,2
mean_thaw_cm standard_devation_cm,1,1,1,1,1,2
meanci ca,1,1,1,1,1,2
meanconductance medianconductance,1,1,1,1,1,2
meangasex mass,1,1,1,1,1,2
meaning official,1,1,1,1,1,2
meaning topographic,1,1,1,1,1,2
meastype system,1,1,1,1,1,2
measured.status reared.wild,1,1,1,1,1,2
measuredon_2013 08,1,1,1,1,1,2
measurement entry,1,1,1,1,1,2
measurement land,1,1,1,1,1,2
measurement landscape,1,1,1,1,1,2
measurements hour,1,1,1,1,1,2
measurements ice,1,1,1,1,1,2
medianconductance meanci,1,1,1,1,1,2
melt ponds,1,1,1,1,1,2
melting error,1,1,1,1,1,2
meter height,1,1,1,1,1,2
meters ammonia,1,1,1,1,1,2
meters depth,1,1,1,1,1,2
meters ice,1,1,1,1,1,2
meters length,1,1,1,1,1,2
meters nitric,1,1,1,1,1,2
meters time,1,1,1,1,1,2
meters water,1,1,1,1,1,2
method age,1,1,1,1,1,2
method comments,1,1,1,1,1,2
method habitat,1,1,1,1,1,2
mg cu,1,1,1,1,1,2
mg d13c,1,1,1,1,1,2
mg mg,1,1,1,1,1,2
mg25 intensity,1,1,1,1,1,2
microbial respiration,1,1,1,1,1,2
microzooplankton_1 microzooplankton_2,1,1,1,1,1,2
microzooplankton_10 microzooplankton_11,1,1,1,1,1,2
microzooplankton_11 microzooplankton_12,1,1,1,1,1,2
microzooplankton_2 microzooplankton_3,1,1,1,1,1,2
microzooplankton_3 microzooplankton_4,1,1,1,1,1,2
microzooplankton_4 microzooplankton_5,1,1,1,1,1,2
microzooplankton_5 microzooplankton_6,1,1,1,1,1,2
microzooplankton_6 microzooplankton_7,1,1,1,1,1,2
microzooplankton_7 microzooplankton_8,1,1,1,1,1,2
microzooplankton_8 microzooplankton_9,1,1,1,1,1,2
microzooplankton_9 microzooplankton_10,1,1,1,1,1,2
mid siberia,1,1,1,1,1,2
mille delta,1,1,1,1,1,2
mille error,1,1,1,1,1,2
mille fraction,1,1,1,1,1,2
milligrams 10be_9be,1,1,1,1,1,2
minimum daily,1,1,1,1,1,2
minimum grain,1,1,1,1,1,2
minimum_cm maximum_cm,1,1,1,1,1,2
minutes longitude,1,1,1,1,1,2
minutes west,1,1,1,1,1,2
mm dd,1,1,1,1,1,2
mm maximum,1,1,1,1,1,2
mm snow,1,1,1,1,1,2
mmol co2,1,1,1,1,1,2
mn fe,1,1,1,1,1,2
mod mod_se,1,1,1,1,1,2
model station,1,1,1,1,1,2
modelled age,1,1,1,1,1,2
modern error,1,1,1,1,1,2
modern fraction,1,1,1,1,1,2
modis altitude,1,1,1,1,1,2
modis effective,1,1,1,1,1,2
molar ratio,1,1,1,1,1,2
mono poly,1,1,1,1,1,2
monobromide hypobromous,1,1,1,1,1,2
month date,1,1,1,1,1,2
mortality 0,1,1,1,1,1,2
moss cushion,1,1,1,1,1,2
moss depth,1,1,1,1,1,2
mother leaf,1,1,1,1,1,2
mother weight,1,1,1,1,1,2
museum specimen,1,1,1,1,1,2
n_acetyl_glucosaminidase phosphatase,1,1,1,1,1,2
n_mass ug,1,1,1,1,1,2
n_mg_per_g p_mg_per_g,1,1,1,1,1,2
n_obs gardenmean,1,1,1,1,1,2
n2o5 n2o5,1,1,1,1,1,2
n2o5 uncertainty,1,1,1,1,1,2
nav terms,1,1,1,1,1,2
ndvi1 ndvi2,1,1,1,1,1,2
ndvi2 ndvim,1,1,1,1,1,2
ndvim lai,1,1,1,1,1,2
net ecosystem,1,1,1,1,1,2
net snowfall,1,1,1,1,1,2
netrl_avg albedo_avg,1,1,1,1,1,2
netrs_avg netrl_avg,1,1,1,1,1,2
nh4 availability,1,1,1,1,1,2
nh4 mg,1,1,1,1,1,2
nitrate blank,1,1,1,1,1,2
nitrate day,1,1,1,1,1,2
nitrate_1 nitrate_2,1,1,1,1,1,2
nitrate_10 nitrate_11,1,1,1,1,1,2
nitrate_11 nitrate_12,1,1,1,1,1,2
nitrate_2 nitrate_3,1,1,1,1,1,2
nitrate_3 nitrate_4,1,1,1,1,1,2
nitrate_4 nitrate_5,1,1,1,1,1,2
nitrate_5 nitrate_6,1,1,1,1,1,2
nitrate_6 nitrate_7,1,1,1,1,1,2
nitrate_7 nitrate_8,1,1,1,1,1,2
nitrate_8 nitrate_9,1,1,1,1,1,2
nitrate_9 nitrate_10,1,1,1,1,1,2
nitrate_blankcorrected phosphate_blankcorrected,1,1,1,1,1,2
nitrate_per_day phosphate_per_day,1,1,1,1,1,2
nitrogen 15,1,1,1,1,1,2
nitrogen concentration,1,1,1,1,1,2
nitrogen data,1,1,1,1,1,2
nitrogen molar,1,1,1,1,1,2
nitrogen nh4,1,1,1,1,1,2
nitrogen total,1,1,1,1,1,2
nitrogen_1 detrital,1,1,1,1,1,2
nitrogen_1 dissolved,1,1,1,1,1,2
nitrogen_10 detrital,1,1,1,1,1,2
nitrogen_10 dissolved,1,1,1,1,1,2
nitrogen_11 detrital,1,1,1,1,1,2
nitrogen_11 dissolved,1,1,1,1,1,2
nitrogen_2 detrital,1,1,1,1,1,2
nitrogen_2 dissolved,1,1,1,1,1,2
nitrogen_3 detrital,1,1,1,1,1,2
nitrogen_3 dissolved,1,1,1,1,1,2
nitrogen_4 detrital,1,1,1,1,1,2
nitrogen_4 dissolved,1,1,1,1,1,2
nitrogen_5 detrital,1,1,1,1,1,2
nitrogen_5 dissolved,1,1,1,1,1,2
nitrogen_6 detrital,1,1,1,1,1,2
nitrogen_6 dissolved,1,1,1,1,1,2
nitrogen_7 detrital,1,1,1,1,1,2
nitrogen_7 dissolved,1,1,1,1,1,2
nitrogen_8 detrital,1,1,1,1,1,2
nitrogen_8 dissolved,1,1,1,1,1,2
nitrogen_9 detrital,1,1,1,1,1,2
nitrogen_9 dissolved,1,1,1,1,1,2
nm absorbance,1,1,1,1,1,2
nm chlorophyll,1,1,1,1,1,2
nm integrated,1,1,1,1,1,2
no3 availability,1,1,1,1,1,2
no3 mg,1,1,1,1,1,2
nominal dates,1,1,1,1,1,2
north latitude,1,1,1,1,1,2
northing elevation,1,1,1,1,1,2
northness potential,1,1,1,1,1,2
notes collection,1,1,1,1,1,2
notes date,1,1,1,1,1,2
nu2015 site,1,1,1,1,1,2
number.of.nodes file.name,1,1,1,1,1,2
object id,1,1,1,1,1,2
observation depth,1,1,1,1,1,2
observation latitude,1,1,1,1,1,2
observation soil,1,1,1,1,1,2
observed fac10,1,1,1,1,1,2
observed glacier,1,1,1,1,1,2
observed ice,1,1,1,1,1,2
oc soc_14c,1,1,1,1,1,2
ocean processed,1,1,1,1,1,2
operation icebridge,1,1,1,1,1,2
ordinal data,1,1,1,1,1,2
org layer,1,1,1,1,1,2
organic horizon,1,1,1,1,1,2
oribatidmites predatorymites,1,1,1,1,1,2
original firn,1,1,1,1,1,2
oxalate citrate,1,1,1,1,1,2
oxygen concentration,1,1,1,1,1,2
p_mg_per_g k_mg_per_g,1,1,1,1,1,2
pairs nominal,1,1,1,1,1,2
paleogenomics lab,1,1,1,1,1,2
par sami,1,1,1,1,1,2
par t_5cm,1,1,1,1,1,2
par temp,1,1,1,1,1,2
par water,1,1,1,1,1,2
particle phase,1,1,1,1,1,2
pb bi,1,1,1,1,1,2
pco2 latitude,1,1,1,1,1,2
pco2 super,1,1,1,1,1,2
pco2 total,1,1,1,1,1,2
pco2 water,1,1,1,1,1,2
pco2 wind,1,1,1,1,1,2
peat plateau,1,1,1,1,1,2
percent calcium,1,1,1,1,1,2
percent carbon,1,1,1,1,1,2
percent divide,1,1,1,1,1,2
percent nitrogen,1,1,1,1,1,2
percent organic,1,1,1,1,1,2
percentile duration,1,1,1,1,1,2
percentnremaining block,1,1,1,1,1,2
period 1,1,1,1,1,1,2
period average,1,1,1,1,1,2
period maximum,1,1,1,1,1,2
period wave,1,1,1,1,1,2
permeability density,1,1,1,1,1,2
ph conductivity,1,1,1,1,1,2
ph raw,1,1,1,1,1,2
ph redox,1,1,1,1,1,2
ph salinity,1,1,1,1,1,2
phase float,1,1,1,1,1,2
pheophytin ug,1,1,1,1,1,2
phosphatase extractable_oragnic_c,1,1,1,1,1,2
phosphate ammonium,1,1,1,1,1,2
phosphate ammonium_blankcorrected,1,1,1,1,1,2
phosphate blank,1,1,1,1,1,2
phosphate day,1,1,1,1,1,2
phosphate_blankcorrected ammonium_per_day,1,1,1,1,1,2
phosphorus chlorine,1,1,1,1,1,2
photo_umol_m 2_s,1,1,1,1,1,2
phycoerythrin concentration,1,1,1,1,1,2
pit tag,1,1,1,1,1,2
pixel degree,1,1,1,1,1,2
pixel longitude,1,1,1,1,1,2
pixels specific,1,1,1,1,1,2
plant functional,1,1,1,1,1,2
plateau coastal,1,1,1,1,1,2
plfa plfa_c_normal,1,1,1,1,1,2
plfa_2 14c_plfa,1,1,1,1,1,2
plfa_c_normal plfa_2,1,1,1,1,1,2
plot class,1,1,1,1,1,2
plot dry,1,1,1,1,1,2
plot identifier,1,1,1,1,1,2
plot pair,1,1,1,1,1,2
plot population,1,1,1,1,1,2
plot species,1,1,1,1,1,2
plot subplot,1,1,1,1,1,2
plot time,1,1,1,1,1,2
plot tr_length,1,1,1,1,1,2
plot yearremoved,1,1,1,1,1,2
plots ordinal,1,1,1,1,1,2
plots size,1,1,1,1,1,2
plots total,1,1,1,1,1,2
po4 availability,1,1,1,1,1,2
po4 mg,1,1,1,1,1,2
polder cloud,1,1,1,1,1,2
polder instrument,1,1,1,1,1,2
poly sat,1,1,1,1,1,2
pop_id date,1,1,1,1,1,2
pop_id latitude,1,1,1,1,1,2
population site,1,1,1,1,1,2
population warmed,1,1,1,1,1,2
porewater volume,1,1,1,1,1,2
position ammonia,1,1,1,1,1,2
position julian,1,1,1,1,1,2
position soil,1,1,1,1,1,2
post treatment,1,1,1,1,1,2
potential evaoptranspiration,1,1,1,1,1,2
potential solar,1,1,1,1,1,2
pr pb,1,1,1,1,1,2
pre treatment,1,1,1,1,1,2
precip g1_f,1,1,1,1,1,2
precipitation totals,1,1,1,1,1,2
precision data,1,1,1,1,1,2
predator zooplankton_1,1,1,1,1,1,2
predator zooplankton_10,1,1,1,1,1,2
predator zooplankton_11,1,1,1,1,1,2
predator zooplankton_12,1,1,1,1,1,2
predator zooplankton_2,1,1,1,1,1,2
predator zooplankton_3,1,1,1,1,1,2
predator zooplankton_4,1,1,1,1,1,2
predator zooplankton_5,1,1,1,1,1,2
predator zooplankton_6,1,1,1,1,1,2
predator zooplankton_7,1,1,1,1,1,2
predator zooplankton_8,1,1,1,1,1,2
predator zooplankton_9,1,1,1,1,1,2
predatorymites intsoilpreds,1,1,1,1,1,2
press_atm sdensity,1,1,1,1,1,2
pressure barometric,1,1,1,1,1,2
pressure cloud,1,1,1,1,1,2
pressure lower,1,1,1,1,1,2
pressure wind,1,1,1,1,1,2
primary amine,1,1,1,1,1,2
primary productivity_1,1,1,1,1,1,2
primary productivity_10,1,1,1,1,1,2
primary productivity_11,1,1,1,1,1,2
primary productivity_12,1,1,1,1,1,2
primary productivity_2,1,1,1,1,1,2
primary productivity_3,1,1,1,1,1,2
primary productivity_4,1,1,1,1,1,2
primary productivity_5,1,1,1,1,1,2
primary productivity_6,1,1,1,1,1,2
primary productivity_7,1,1,1,1,1,2
primary productivity_8,1,1,1,1,1,2
primary productivity_9,1,1,1,1,1,2
priority chemistry,1,1,1,1,1,2
processed date,1,1,1,1,1,2
processed snow,1,1,1,1,1,2
productivity_1 primary,1,1,1,1,1,2
productivity_10 primary,1,1,1,1,1,2
productivity_11 primary,1,1,1,1,1,2
productivity_2 primary,1,1,1,1,1,2
productivity_3 primary,1,1,1,1,1,2
productivity_4 primary,1,1,1,1,1,2
productivity_5 primary,1,1,1,1,1,2
productivity_6 primary,1,1,1,1,1,2
productivity_7 primary,1,1,1,1,1,2
productivity_8 primary,1,1,1,1,1,2
productivity_9 primary,1,1,1,1,1,2
profile bed,1,1,1,1,1,2
profile centerline,1,1,1,1,1,2
profile date,1,1,1,1,1,2
profile depth,1,1,1,1,1,2
profile geoid,1,1,1,1,1,2
profile line,1,1,1,1,1,2
profile longitudinal,1,1,1,1,1,2
profile operation,1,1,1,1,1,2
profile strain,1,1,1,1,1,2
profile volume,1,1,1,1,1,2
qc_ch4_flux ch4_flux_f,1,1,1,1,1,2
qc_ch4_flux ch4_flux_gf,1,1,1,1,1,2
qc_ch4_flux_f ch4_flux_gf,1,1,1,1,1,2
qc_ch4_flux_gf rssi,1,1,1,1,1,2
qc_fc_cwu_gf le_cw_f,1,1,1,1,1,2
quartz_g 9be_added_mg,1,1,1,1,1,2
quartz_g be_9_added,1,1,1,1,1,2
quartz_g carrier_added_g,1,1,1,1,1,2
quartz_g carrier_g,1,1,1,1,1,2
radiation dew,1,1,1,1,1,2
radiation kwh,1,1,1,1,1,2
radiation solar,1,1,1,1,1,2
radiation_1 photosynthetically,1,1,1,1,1,2
radiation_10 photosynthetically,1,1,1,1,1,2
radiation_11 photosynthetically,1,1,1,1,1,2
radiation_2 photosynthetically,1,1,1,1,1,2
radiation_3 photosynthetically,1,1,1,1,1,2
radiation_4 photosynthetically,1,1,1,1,1,2
radiation_5 photosynthetically,1,1,1,1,1,2
radiation_6 photosynthetically,1,1,1,1,1,2
radiation_7 photosynthetically,1,1,1,1,1,2
radiation_8 photosynthetically,1,1,1,1,1,2
radiation_9 photosynthetically,1,1,1,1,1,2
rain temperature,1,1,1,1,1,2
rainfall water,1,1,1,1,1,2
ramet leaves,1,1,1,1,1,2
ramet mother,1,1,1,1,1,2
range sample,1,1,1,1,1,2
rate eigenvalues,1,1,1,1,1,2
rate iceberg,1,1,1,1,1,2
rate measurement,1,1,1,1,1,2
ratio collection,1,1,1,1,1,2
ratio dry,1,1,1,1,1,2
ratio ice,1,1,1,1,1,2
ratio_uncertainty 10be_concentration,1,1,1,1,1,2
ratio_uncertainty 10be_concetration,1,1,1,1,1,2
ratios analytical,1,1,1,1,1,2
ratios paleoprecipitation,1,1,1,1,1,2
ratios precipitation,1,1,1,1,1,2
raw voltage,1,1,1,1,1,2
rbr serial,1,1,1,1,1,2
reaction wavelength,1,1,1,1,1,2
reading background,1,1,1,1,1,2
reared.wild imagej.num,1,1,1,1,1,2
recorded conductivity,1,1,1,1,1,2
recorded current,1,1,1,1,1,2
recorded instrument,1,1,1,1,1,2
recorded salinity,1,1,1,1,1,2
recorded water,1,1,1,1,1,2
redox potential,1,1,1,1,1,2
reducing sugars,1,1,1,1,1,2
region sitename,1,1,1,1,1,2
relative cover,1,1,1,1,1,2
relative humidity,1,1,1,1,1,2
relative_sensor_azimuth_angle short,1,1,1,1,1,2
replicate 1,1,1,1,1,1,2
replicate 2,1,1,1,1,1,2
replicate plots,1,1,1,1,1,2
replicates snow,1,1,1,1,1,2
residential combustion,1,1,1,1,1,2
resistive stress,1,1,1,1,1,2
resp_umol_m 2_s,1,1,1,1,1,2
retrieved rbr,1,1,1,1,1,2
rh_avg bp_mbar_avg,1,1,1,1,1,2
rhizomes plant,1,1,1,1,1,2
rrna cell,1,1,1,1,1,2
rssi ch4_mol_fraction,1,1,1,1,1,2
rssi ch4_mole_fraction,1,1,1,1,1,2
rssi diag_77_mean,1,1,1,1,1,2
run wt,1,1,1,1,1,2
s_c1_10 s_c1_2,1,1,1,1,1,2
s_c1_2 s_c1_20,1,1,1,1,1,2
s_c1_20 s_c2_10,1,1,1,1,1,2
s_c2_10 s_c2_2,1,1,1,1,1,2
s_c2_2 s_c2_20,1,1,1,1,1,2
s_c2_20 s_s1_10,1,1,1,1,1,2
s_s1_10 s_s1_2,1,1,1,1,1,2
s_s1_2 s_s2_10,1,1,1,1,1,2
s_s2_10 s_s2_2,1,1,1,1,1,2
s_s2_2 s_t1_10,1,1,1,1,1,2
s_t1_10 s_t1_2,1,1,1,1,1,2
s_t1_2 s_t2_10,1,1,1,1,1,2
s_t2_10 s_t2_2,1,1,1,1,1,2
s_t2_2 t_c1_10,1,1,1,1,1,2
saline site,1,1,1,1,1,2
salinity conductivity,1,1,1,1,1,2
salinity data,1,1,1,1,1,2
salinity quality,1,1,1,1,1,2
salinity sensor,1,1,1,1,1,2
salinity specific,1,1,1,1,1,2
salinity speed,1,1,1,1,1,2
salinity station,1,1,1,1,1,2
salinity super,1,1,1,1,1,2
salt sulfur,1,1,1,1,1,2
sample collection,1,1,1,1,1,2
sample date,1,1,1,1,1,2
sample deuterium,1,1,1,1,1,2
sample dry,1,1,1,1,1,2
sample inlet,1,1,1,1,1,2
sample longitude,1,1,1,1,1,2
sample precision,1,1,1,1,1,2
sample sample,1,1,1,1,1,2
sample site,1,1,1,1,1,2
sample type,1,1,1,1,1,2
sample_id carrier_g,1,1,1,1,1,2
sample_id latitude,1,1,1,1,1,2
sample_id pop_id,1,1,1,1,1,2
sample_id sample,1,1,1,1,1,2
samples applied,1,1,1,1,1,2
sampling date,1,1,1,1,1,2
sampling geographic,1,1,1,1,1,2
sandvi dist_corr,1,1,1,1,1,2
santa cruz,1,1,1,1,1,2
satellite stereo,1,1,1,1,1,2
saturation phycoerythrin,1,1,1,1,1,2
sc ag,1,1,1,1,1,2
sdensity gc,1,1,1,1,1,2
sea ice,1,1,1,1,1,2
sea salt,1,1,1,1,1,2
sea_ice_thickness toa_net_downward_shortwave_flux,1,1,1,1,1,2
seawater sample,1,1,1,1,1,2
section replicates,1,1,1,1,1,2
segy filename,1,1,1,1,1,2
sensor depth,1,1,1,1,1,2
sensor site,1,1,1,1,1,2
sensor unique,1,1,1,1,1,2
september april,1,1,1,1,1,2
september measured,1,1,1,1,1,2
september thickness,1,1,1,1,1,2
sermia ice,1,1,1,1,1,2
sex tl,1,1,1,1,1,2
sg_cf1_ 10,1,1,1,1,1,2
sg_cf1_ 2,1,1,1,1,1,2
sg_cf1_20 sg_cf2_,1,1,1,1,1,2
sg_cf2_ 10,1,1,1,1,1,2
sg_cf2_ 2,1,1,1,1,1,2
sg_cf2_20 sg_sg1_20,1,1,1,1,1,2
sg_sg1_ 10,1,1,1,1,1,2
sg_sg1_ 2,1,1,1,1,1,2
sg_sg1_20 sg_sg1_,1,1,1,1,1,2
sg_sg2_ 10,1,1,1,1,1,2
sg_sg2_ 2,1,1,1,1,1,2
sg_tl1_ 10,1,1,1,1,1,2
sg_tl1_ 2,1,1,1,1,1,2
sg_tl1_20 sg_tl1_,1,1,1,1,1,2
sg_tl2_ 10,1,1,1,1,1,2
sg_tl2_ 2,1,1,1,1,1,2
shape length,1,1,1,1,1,2
ship identification,1,1,1,1,1,2
shoreline forest,1,1,1,1,1,2
short cdr_cloud_binary_mask,1,1,1,1,1,2
short cloud_type,1,1,1,1,1,2
short gmt,1,1,1,1,1,2
short sfctype,1,1,1,1,1,2
short ssa,1,1,1,1,1,2
short surface_type,1,1,1,1,1,2
shot identifier,1,1,1,1,1,2
shot location,1,1,1,1,1,2
shrub samples,1,1,1,1,1,2
si_um so4_um,1,1,1,1,1,2
silicate_1 silicate_2,1,1,1,1,1,2
silicate_10 silicate_11,1,1,1,1,1,2
silicate_11 silicate_12,1,1,1,1,1,2
silicate_2 silicate_3,1,1,1,1,1,2
silicate_3 silicate_4,1,1,1,1,1,2
silicate_4 silicate_5,1,1,1,1,1,2
silicate_5 silicate_6,1,1,1,1,1,2
silicate_6 silicate_7,1,1,1,1,1,2
silicate_7 silicate_8,1,1,1,1,1,2
silicate_8 silicate_9,1,1,1,1,1,2
silicate_9 silicate_10,1,1,1,1,1,2
sisusoidal gridcell,1,1,1,1,1,2
site block,1,1,1,1,1,2
site description,1,1,1,1,1,2
site lat,1,1,1,1,1,2
site latitude,1,1,1,1,1,2
site location,1,1,1,1,1,2
site thawed,1,1,1,1,1,2
site trt,1,1,1,1,1,2
site unique,1,1,1,1,1,2
site_id hdx,1,1,1,1,1,2
site_id pop_id,1,1,1,1,1,2
site_id sample_id,1,1,1,1,1,2
site.code site.name,1,1,1,1,1,2
site.id family,1,1,1,1,1,2
site.name lat,1,1,1,1,1,2
sitename latitude,1,1,1,1,1,2
sitetype latitude,1,1,1,1,1,2
size class,1,1,1,1,1,2
size classes,1,1,1,1,1,2
slope deg,1,1,1,1,1,2
slope notes,1,1,1,1,1,2
snow density,1,1,1,1,1,2
snow firn,1,1,1,1,1,2
snow grain,1,1,1,1,1,2
snow ice,1,1,1,1,1,2
snow sample,1,1,1,1,1,2
snow surface,1,1,1,1,1,2
snow_plot press_atm,1,1,1,1,1,2
snow_subplot snow_plot,1,1,1,1,1,2
snowdepth conditionnote,1,1,1,1,1,2
snowdepth snowdensity,1,1,1,1,1,2
snowfall maximum,1,1,1,1,1,2
so4 mg,1,1,1,1,1,2
soc_14c ext_res_14c,1,1,1,1,1,2
soil microbial,1,1,1,1,1,2
soil sensor,1,1,1,1,1,2
soil thaw,1,1,1,1,1,2
soil wet,1,1,1,1,1,2
soil_depth mbc,1,1,1,1,1,2
solar_zenith_angle relative_sensor_azimuth_angle,1,1,1,1,1,2
solar_zenith_angle sea_ice_thickness,1,1,1,1,1,2
sonar depth,1,1,1,1,1,2
sound station,1,1,1,1,1,2
source biomass,1,1,1,1,1,2
source distance,1,1,1,1,1,2
source fossil,1,1,1,1,1,2
south east,1,1,1,1,1,2
south west,1,1,1,1,1,2
species average,1,1,1,1,1,2
species mortality,1,1,1,1,1,2
species percentage,1,1,1,1,1,2
species relative,1,1,1,1,1,2
species tissue,1,1,1,1,1,2
species treatment,1,1,1,1,1,2
species unique,1,1,1,1,1,2
specimen id,1,1,1,1,1,2
spectrometry facility,1,1,1,1,1,2
speed bearing,1,1,1,1,1,2
speed gust,1,1,1,1,1,2
speed velocity,1,1,1,1,1,2
sr cd,1,1,1,1,1,2
ssa solar_zenith_angle,1,1,1,1,1,2
stability temperature,1,1,1,1,1,2
standard_devation_cm standard_error_cm,1,1,1,1,1,2
start air,1,1,1,1,1,2
start date,1,1,1,1,1,2
start dry,1,1,1,1,1,2
station identifier,1,1,1,1,1,2
station type,1,1,1,1,1,2
stationname sitetype,1,1,1,1,1,2
stdev ammonium,1,1,1,1,1,2
stdev nitrate,1,1,1,1,1,2
stdev nitrite,1,1,1,1,1,2
stdev phosphate,1,1,1,1,1,2
stdev silicate,1,1,1,1,1,2
strain rate,1,1,1,1,1,2
stress 1,1,1,1,1,1,2
study location,1,1,1,1,1,2
study site,1,1,1,1,1,2
submarine melting,1,1,1,1,1,2
submerged ice,1,1,1,1,1,2
subplot snow_subplot,1,1,1,1,1,2
sugars no3,1,1,1,1,1,2
sulphate concentration,1,1,1,1,1,2
summer snow,1,1,1,1,1,2
super 16,1,1,1,1,1,2
surface minimum,1,1,1,1,1,2
surface snow,1,1,1,1,1,2
surface velocity,1,1,1,1,1,2
surface_albedo surface_downwelling_shortwave_flux,1,1,1,1,1,2
surface_downwelling_longwave_flux surface_upwelling_shortwave_flux,1,1,1,1,1,2
surface_downwelling_shortwave_flux surface_downwelling_longwave_flux,1,1,1,1,1,2
surface_shortwave_cloud_radiative_forcing float,1,1,1,1,1,2
surface_temperature surface_albedo,1,1,1,1,1,2
surface_type cloud,1,1,1,1,1,2
surface_upwelling_longwave_flux short,1,1,1,1,1,2
surface_upwelling_shortwave_flux surface_upwelling_longwave_flux,1,1,1,1,1,2
survey unique,1,1,1,1,1,2
swc_2_f agc,1,1,1,1,1,2
system date,1,1,1,1,1,2
t_40cm ambient,1,1,1,1,1,2
t_c1_10 t_c1_2,1,1,1,1,1,2
t_c1_2 t_c2_10,1,1,1,1,1,2
t_c2_10 t_c2_2,1,1,1,1,1,2
t_c2_2 t_c2_20,1,1,1,1,1,2
t_c2_20 t_s1_10,1,1,1,1,1,2
t_s1_10 t_s1_2,1,1,1,1,1,2
t_s1_2 t_s2_10,1,1,1,1,1,2
t_s2_10 t_s2_2,1,1,1,1,1,2
t_s2_2 t_t1_10,1,1,1,1,1,2
t_t1_10 t_t1_2,1,1,1,1,1,2
t_t1_2 t_t2_10,1,1,1,1,1,2
t_t2_10 t_t2_2,1,1,1,1,1,2
t_t2_2 date,1,1,1,1,1,2
t10cm t20cm,1,1,1,1,1,2
t20cm t40cm,1,1,1,1,1,2
t40cm air_temp,1,1,1,1,1,2
t5cm t10cm,1,1,1,1,1,2
table elevation,1,1,1,1,1,2
tag floy,1,1,1,1,1,2
tag pit,1,1,1,1,1,2
tag sex,1,1,1,1,1,2
tar100_allele1 tar100_allele2,1,1,1,1,1,2
tar100_allele2 tar101_allele1,1,1,1,1,1,2
tar101_allele1 tar101_allele2,1,1,1,1,1,2
tar101_allele2 tar104_allele1,1,1,1,1,1,2
tar103_allele1 tar103_allele2,1,1,1,1,1,2
tar103_allele2 tar105_allele1,1,1,1,1,1,2
tar104_allele1 tar104_allele2,1,1,1,1,1,2
tar104_allele2 tar110_allele1,1,1,1,1,1,2
tar105_allele1 tar105_allele2,1,1,1,1,1,2
tar105_allele2 tar106_allele1,1,1,1,1,1,2
tar106_allele1 tar106_allele2,1,1,1,1,1,2
tar106_allele2 tar109_allele1,1,1,1,1,1,2
tar108_allele1 tar108_allele2,1,1,1,1,1,2
tar108_allele2 watershed,1,1,1,1,1,2
tar109_allele1 tar109_allele2,1,1,1,1,1,2
tar109_allele2 tar100_allele1,1,1,1,1,1,2
tar110_allele1 tar110_allele2,1,1,1,1,1,2
tar110_allele2 tar115_allele1,1,1,1,1,1,2
tar112_allele1 tar112_allele2,1,1,1,1,1,2
tar112_allele2 tar114_allele1,1,1,1,1,1,2
tar114_allele1 tar114_allele2,1,1,1,1,1,2
tar114_allele2 tar108_allele1,1,1,1,1,1,2
tar115_allele1 tar115_allele2,1,1,1,1,1,2
tar115_allele2 tar112_allele1,1,1,1,1,1,2
tcm serial,1,1,1,1,1,2
td flower,1,1,1,1,1,2
td notes,1,1,1,1,1,2
temp delta,1,1,1,1,1,2
temp fs,1,1,1,1,1,2
temp0_avg temp25_avg,1,1,1,1,1,2
temp1_avg temp2_avg,1,1,1,1,1,2
temp2_avg temp3_avg,1,1,1,1,1,2
temp25_avg temp50_avg,1,1,1,1,1,2
temp3_avg temp4_avg,1,1,1,1,1,2
temp4_avg temp5_avg,1,1,1,1,1,2
temp5_avg temp6_avg,1,1,1,1,1,2
temp50_avg temp75_avg,1,1,1,1,1,2
temp6_avg temp7_avg,1,1,1,1,1,2
temp7_avg temp8_avg,1,1,1,1,1,2
temp75_avg temp1_avg,1,1,1,1,1,2
temperature anomaly,1,1,1,1,1,2
temperature average,1,1,1,1,1,2
temperature celsius,1,1,1,1,1,2
temperature cloud,1,1,1,1,1,2
temperature current,1,1,1,1,1,2
temperature data,1,1,1,1,1,2
temperature gas,1,1,1,1,1,2
temperature height,1,1,1,1,1,2
temperature labile,1,1,1,1,1,2
temperature latitude,1,1,1,1,1,2
temperature minimum,1,1,1,1,1,2
temperature northing,1,1,1,1,1,2
temperature observation,1,1,1,1,1,2
temperature par,1,1,1,1,1,2
temperature ph,1,1,1,1,1,2
temperature photosynthetically,1,1,1,1,1,2
temperature precipitation,1,1,1,1,1,2
temperature quality,1,1,1,1,1,2
temperature relative,1,1,1,1,1,2
temperature sample,1,1,1,1,1,2
temperature station,1,1,1,1,1,2
temperature transect,1,1,1,1,1,2
temperature uncertainty,1,1,1,1,1,2
temptmt litterbaglocation,1,1,1,1,1,2
temptmt totaln,1,1,1,1,1,2
terms nav,1,1,1,1,1,2
terms url,1,1,1,1,1,2
thaw_depth_uncorr thaw_corr,1,1,1,1,1,2
thickness date,1,1,1,1,1,2
thickness depth,1,1,1,1,1,2
thin gray,1,1,1,1,1,2
threshold percentile,1,1,1,1,1,2
threshold wind,1,1,1,1,1,2
tidal slope,1,1,1,1,1,2
tillers total,1,1,1,1,1,2
time 1,1,1,1,1,1,2
time 2,1,1,1,1,1,2
time 24,1,1,1,1,1,2
time 3,1,1,1,1,1,2
time 4,1,1,1,1,1,2
time 6,1,1,1,1,1,2
time 7,1,1,1,1,1,2
time air,1,1,1,1,1,2
time c_c1_10,1,1,1,1,1,2
time cf_cf1_,1,1,1,1,1,2
time collected,1,1,1,1,1,2
time deployed,1,1,1,1,1,2
time incubation,1,1,1,1,1,2
time pco2,1,1,1,1,1,2
time population,1,1,1,1,1,2
time retrieved,1,1,1,1,1,2
time soil,1,1,1,1,1,2
time specific,1,1,1,1,1,2
time speed,1,1,1,1,1,2
time surface_temperature,1,1,1,1,1,2
time temperature,1,1,1,1,1,2
time toa_bidirectional_reflectance,1,1,1,1,1,2
timestamp airtc_avg,1,1,1,1,1,2
tissue dry,1,1,1,1,1,2
tissue sample,1,1,1,1,1,2
tissue type,1,1,1,1,1,2
tissues collected,1,1,1,1,1,2
tl cm,1,1,1,1,1,2
tl_cf1_ 2,1,1,1,1,1,2
tl_cf1_20 tl_cf2_,1,1,1,1,1,2
tl_cf2_ 10,1,1,1,1,1,2
tl_cf2_ 2,1,1,1,1,1,2
tl_cf2_20 tl_cf2_,1,1,1,1,1,2
tl_sg1_ 2,1,1,1,1,1,2
tl_sg1_20 tl_sg1_,1,1,1,1,1,2
tl_sg2_ 10,1,1,1,1,1,2
tl_sg2_ 2,1,1,1,1,1,2
tl_sg2_20 tl_tl1_20,1,1,1,1,1,2
tl_tl1_ 2,1,1,1,1,1,2
tl_tl1_20 tl_tl1_,1,1,1,1,1,2
tl_tl2_ 10,1,1,1,1,1,2
tl_tl2_ 2,1,1,1,1,1,2
tle_14c plfa,1,1,1,1,1,2
toa_bidirectional_reflectance brightness_temperature,1,1,1,1,1,2
toa_bidirectional_reflectance toa_bidirectional_reflectance,1,1,1,1,1,2
toa_net_downward_shortwave_flux toa_outgoing_shortwave_flux,1,1,1,1,1,2
toa_outgoing_longwave_flux short,1,1,1,1,1,2
toa_outgoing_shortwave_flux toa_outgoing_longwave_flux,1,1,1,1,1,2
top cloud,1,1,1,1,1,2
topographic mapper,1,1,1,1,1,2
total aerosol,1,1,1,1,1,2
total biomass,1,1,1,1,1,2
total daily,1,1,1,1,1,2
total firn,1,1,1,1,1,2
total free,1,1,1,1,1,2
total image,1,1,1,1,1,2
total reducing,1,1,1,1,1,2
total_c total_n,1,1,1,1,1,2
total_extractable_n nh4,1,1,1,1,1,2
total_n total_p,1,1,1,1,1,2
totalk avsoilmoisture,1,1,1,1,1,2
totaln totalnh4,1,1,1,1,1,2
totalnh4 totalno3,1,1,1,1,1,2
totalno3 totalp,1,1,1,1,1,2
totalp totalk,1,1,1,1,1,2
totals potential,1,1,1,1,1,2
training dataset,1,1,1,1,1,2
transect date,1,1,1,1,1,2
transect site,1,1,1,1,1,2
transect thawed,1,1,1,1,1,2
transportation aod,1,1,1,1,1,2
treatment efflux,1,1,1,1,1,2
treatment plant,1,1,1,1,1,2
treatment pre,1,1,1,1,1,2
treatment snow,1,1,1,1,1,2
treatment thaw,1,1,1,1,1,2
treatment unique,1,1,1,1,1,2
treatment.temperature days.post.fert,1,1,1,1,1,2
tree date,1,1,1,1,1,2
tree photo_umol_m,1,1,1,1,1,2
tree resp_umol_m,1,1,1,1,1,2
tree snow,1,1,1,1,1,2
tropospheric stability,1,1,1,1,1,2
trt location,1,1,1,1,1,2
trt measuredon_2013,1,1,1,1,1,2
trt rep,1,1,1,1,1,2
ttf date,1,1,1,1,1,2
tussock meastype,1,1,1,1,1,2
tussock population,1,1,1,1,1,2
tussock samples,1,1,1,1,1,2
type category,1,1,1,1,1,2
type data,1,1,1,1,1,2
type date,1,1,1,1,1,2
type dry,1,1,1,1,1,2
type identifier,1,1,1,1,1,2
type layer,1,1,1,1,1,2
type longitude,1,1,1,1,1,2
type observed,1,1,1,1,1,2
type plant,1,1,1,1,1,2
type seawater,1,1,1,1,1,2
uc santa,1,1,1,1,1,2
ug d15n,1,1,1,1,1,2
um sample,1,1,1,1,1,2
umolesco2 snowdepth_gapfilled,1,1,1,1,1,2
uncertainty br2,1,1,1,1,1,2
uncertainty brcl,1,1,1,1,1,2
uncertainty bro,1,1,1,1,1,2
uncertainty cl2,1,1,1,1,1,2
uncertainty clno2,1,1,1,1,1,2
uncertainty ho2no2,1,1,1,1,1,2
uncertainty hobr,1,1,1,1,1,2
uncertainty ice,1,1,1,1,1,2
uncertainty lm_age_ka,1,1,1,1,1,2
uncertainty n2o5,1,1,1,1,1,2
uncertainty o3,1,1,1,1,1,2
uncertainty temp,1,1,1,1,1,2
uncertainty temperature,1,1,1,1,1,2
unique idenfier,1,1,1,1,1,2
unique plot,1,1,1,1,1,2
unit reaction,1,1,1,1,1,2
upper depth,1,1,1,1,1,2
upper left,1,1,1,1,1,2
utc time,1,1,1,1,1,2
v0 flowers,1,1,1,1,1,2
v1 v0,1,1,1,1,1,2
va ppb,1,1,1,1,1,2
vapor deuterium,1,1,1,1,1,2
vapor mixing,1,1,1,1,1,2
vapor oxygen,1,1,1,1,1,2
vegetation class,1,1,1,1,1,2
velocity 1,1,1,1,1,1,2
velocity data,1,1,1,1,1,2
velocity maps,1,1,1,1,1,2
velocity speed,1,1,1,1,1,2
velocity station,1,1,1,1,1,2
version version,1,1,1,1,1,2
vertex coordinates,1,1,1,1,1,2
visual classification,1,1,1,1,1,2
voltage temperature,1,1,1,1,1,2
volume cm3,1,1,1,1,1,2
volume corrected,1,1,1,1,1,2
volume data,1,1,1,1,1,2
volume water,1,1,1,1,1,2
warm par,1,1,1,1,1,2
warming ndvi1,1,1,1,1,1,2
warming par,1,1,1,1,1,2
waste burning,1,1,1,1,1,2
water body,1,1,1,1,1,2
water depth,1,1,1,1,1,2
water equivalence,1,1,1,1,1,2
water ocean,1,1,1,1,1,2
water table,1,1,1,1,1,2
waterbodyname water,1,1,1,1,1,2
watershed site_id,1,1,1,1,1,2
watershed site.id,1,1,1,1,1,2
wave energy,1,1,1,1,1,2
wavelength detection,1,1,1,1,1,2
weather station,1,1,1,1,1,2
weight mother,1,1,1,1,1,2
weight total,1,1,1,1,1,2
west america,1,1,1,1,1,2
west siberia,1,1,1,1,1,2
west water,1,1,1,1,1,2
wet mass,1,1,1,1,1,2
wgs84 ellipsoid,1,1,1,1,1,2
width cm,1,1,1,1,1,2
wind direction,1,1,1,1,1,2
wind event,1,1,1,1,1,2
winddir_d1_wvt winddir_sd1_wvt,1,1,1,1,1,2
winddir_sd1_wvt cm3up_avg,1,1,1,1,1,2
winter snow,1,1,1,1,1,2
worldview ice,1,1,1,1,1,2
worldview satellite,1,1,1,1,1,2
worldview stereo,1,1,1,1,1,2
ws_ms_avg ws_ms_max,1,1,1,1,1,2
ws_ms_max ws_ms_s_wvt,1,1,1,1,1,2
ws_ms_s_wvt winddir_d1_wvt,1,1,1,1,1,2
wt cncode,1,1,1,1,1,2
wtd td,1,1,1,1,1,2
ww dry,1,1,1,1,1,2
year_ce annual,1,1,1,1,1,2
yearremoved spidertmt,1,1,1,1,1,2
yyyy block,1,1,1,1,1,2
zn si,1,1,1,1,1,2
zooplankton_1 predator,1,1,1,1,1,2
zooplankton_10 predator,1,1,1,1,1,2
zooplankton_11 predator,1,1,1,1,1,2
zooplankton_2 predator,1,1,1,1,1,2
zooplankton_3 predator,1,1,1,1,1,2
zooplankton_4 predator,1,1,1,1,1,2
zooplankton_5 predator,1,1,1,1,1,2
zooplankton_6 predator,1,1,1,1,1,2
zooplankton_7 predator,1,1,1,1,1,2
zooplankton_8 predator,1,1,1,1,1,2
zooplankton_9 predator,1,1,1,1,1,2
_aragonite decimal,1,1,1,1,1,2
thaw depth,6,4,4,1.5,1,2.5
sample id,5,5,4,1.25,1.25,2.5
biomass carbon,3,2,2,1.5,1,2.5
carbon concentration,3,2,2,1.5,1,2.5
carbon percent,3,2,2,1.5,1,2.5
concentration nitrate,3,2,2,1.5,1,2.5
delta 13c,3,2,2,1.5,1,2.5
delta oxygen,3,2,2,1.5,1,2.5
layer depth,3,2,2,1.5,1,2.5
longitude elevation,3,2,2,1.5,1,2.5
longitude start,3,2,2,1.5,1,2.5
pressure depth,3,2,2,1.5,1,2.5
pressure sea,3,2,2,1.5,1,2.5
sea pressure,3,2,2,1.5,1,2.5
site identifier,3,2,2,1.5,1,2.5
unique site,3,2,2,1.5,1,2.5
chlorine concentration,5,3,3,1.6666666666666667,1,2.666666666666667
longitude date,7,4,4,1.75,1,2.75
organic carbon,11,9,7,1.5714285714285714,1.2857142857142858,2.857142857142857
depth cm,6,3,3,2,1,3
oxygen 18,5,4,3,1.6666666666666667,1.3333333333333333,3
calcium concentration,4,2,2,2,1,3
depth date,4,2,2,2,1,3
discharge export,4,2,2,2,1,3
ease grid,4,2,2,2,1,3
longitude ghaas,4,2,2,2,1,3
month latitude,4,2,2,2,1,3
notes station,4,2,2,2,1,3
sodium concentration,4,2,2,2,1,3
standard deviation,4,2,2,2,1,3
sulfur concentration,4,2,2,2,1,3
carbon total,3,3,2,1.5,1.5,3
snow depth,3,3,2,1.5,1.5,3
total dissolved,3,3,2,1.5,1.5,3
treatment block,3,3,2,1.5,1.5,3
1 10,2,1,1,2,1,3
1 plfa,2,1,1,2,1,3
1 specific,2,1,1,2,1,3
1 weight,2,1,1,2,1,3
10 wave,2,1,1,2,1,3
10be_9be_ratio 10be_9be_ratio_uncertainty,2,1,1,2,1,3
10be_9be_ratio_uncertainty blank_corrected_10be_concentration,2,1,1,2,1,3
13co2 14co2,2,1,1,2,1,3
14co2 plfa,2,1,1,2,1,3
15n delta,2,1,1,2,1,3
2 cf_tl1_,2,1,1,2,1,3
2 isotope,2,1,1,2,1,3
2 plfa_14c,2,1,1,2,1,3
2 sg_sg2_,2,1,1,2,1,3
2 tl_tl2_,2,1,1,2,1,3
2 weight,2,1,1,2,1,3
223 signal,2,1,1,2,1,3
3 weight,2,1,1,2,1,3
4 weight,2,1,1,2,1,3
5 weight,2,1,1,2,1,3
550 nm,2,1,1,2,1,3
6 weight,2,1,1,2,1,3
7 time,2,1,1,2,1,3
8 specific,2,1,1,2,1,3
850 hpa,2,1,1,2,1,3
absolute pressure,2,1,1,2,1,3
abundance delta,2,1,1,2,1,3
acid concentration,2,1,1,2,1,3
adjusted thickness,2,1,1,2,1,3
age_ka age_uncertainty,2,1,1,2,1,3
age_uncertainty ams_facility,2,1,1,2,1,3
alkalinity pco2,2,1,1,2,1,3
ammonium concentration,2,1,1,2,1,3
ammonium um,2,1,1,2,1,3
atmospheric pco2,2,1,1,2,1,3
availability total,2,1,1,2,1,3
average natural,2,1,1,2,1,3
average wave,2,1,1,2,1,3
avsoilmoisture block,2,1,1,2,1,3
bed elevation,2,1,1,2,1,3
billion mass,2,1,1,2,1,3
billion nanograms,2,1,1,2,1,3
biomass wet,2,1,1,2,1,3
black carbon,2,1,1,2,1,3
block site,2,1,1,2,1,3
bn rc,2,1,1,2,1,3
bromine concentration,2,1,1,2,1,3
bromine mole,2,1,1,2,1,3
cb pf,2,1,1,2,1,3
ce adjusted,2,1,1,2,1,3
ch4 flux,2,1,1,2,1,3
chlorine mole,2,1,1,2,1,3
chloroform fumigated,2,1,1,2,1,3
classification 1979,2,1,1,2,1,3
classification 2015,2,1,1,2,1,3
classification unique,2,1,1,2,1,3
co2 13co2,2,1,1,2,1,3
co2 alkalinity,2,1,1,2,1,3
concentration calcium,2,1,1,2,1,3
concentration chlorine,2,1,1,2,1,3
concentration magnesium,2,1,1,2,1,3
concentration oxygen,2,1,1,2,1,3
concentration phosphate,2,1,1,2,1,3
concentration silicate,2,1,1,2,1,3
concentration sodium,2,1,1,2,1,3
concentration sulfur,2,1,1,2,1,3
conduct salinity,2,1,1,2,1,3
conductivity density,2,1,1,2,1,3
content top,2,1,1,2,1,3
control flag,2,1,1,2,1,3
coordinates lower,2,1,1,2,1,3
core black,2,1,1,2,1,3
core corrected,2,1,1,2,1,3
corrected intensity,2,1,1,2,1,3
correction pht,2,1,1,2,1,3
correction total,2,1,1,2,1,3
ct pb,2,1,1,2,1,3
current heading,2,1,1,2,1,3
current speed,2,1,1,2,1,3
day plot,2,1,1,2,1,3
day super,2,1,1,2,1,3
dd14cplfa co2,2,1,1,2,1,3
decimal day,2,1,1,2,1,3
decimal format,2,1,1,2,1,3
degrees minutes,2,1,1,2,1,3
delta deuterium,2,1,1,2,1,3
density anomaly,2,1,1,2,1,3
depth density,2,1,1,2,1,3
depth increment,2,1,1,2,1,3
depth incubated,2,1,1,2,1,3
depth land,2,1,1,2,1,3
depth length,2,1,1,2,1,3
depth sami,2,1,1,2,1,3
depth time,2,1,1,2,1,3
depth water,2,1,1,2,1,3
deuterium hydrogen,2,1,1,2,1,3
dried foliar,2,1,1,2,1,3
dry biomass,2,1,1,2,1,3
east asia,2,1,1,2,1,3
easting latitude,2,1,1,2,1,3
elevation 1,2,1,1,2,1,3
elevation data,2,1,1,2,1,3
elevation horizontal,2,1,1,2,1,3
elevation_m thickness_cm,2,1,1,2,1,3
elevation_m_asl thickness_cm,2,1,1,2,1,3
equilibrator pco2,2,1,1,2,1,3
equivalent meters,2,1,1,2,1,3
feature type,2,1,1,2,1,3
fence vegetation,2,1,1,2,1,3
flag station,2,1,1,2,1,3
flux replicate,2,1,1,2,1,3
form timestamp,2,1,1,2,1,3
format measured,2,1,1,2,1,3
fraction bromine,2,1,1,2,1,3
fraction modern,2,1,1,2,1,3
fumigated soil,2,1,1,2,1,3
g6 ndvi,2,1,1,2,1,3
glacier terminus,2,1,1,2,1,3
grain size,2,1,1,2,1,3
gram ug,2,1,1,2,1,3
heading northward,2,1,1,2,1,3
horizontal precision,2,1,1,2,1,3
hydconn fid,2,1,1,2,1,3
hydrogen 2,2,1,1,2,1,3
hydrogen peroxide,2,1,1,2,1,3
ice pixels,2,1,1,2,1,3
identifier local,2,1,1,2,1,3
identifier native,2,1,1,2,1,3
increment sample,2,1,1,2,1,3
industry aod,2,1,1,2,1,3
insoluble particle,2,1,1,2,1,3
intensity thickness,2,1,1,2,1,3
intensity uncertianty,2,1,1,2,1,3
iodine mole,2,1,1,2,1,3
isotope d18o,2,1,1,2,1,3
isotope ratio,2,1,1,2,1,3
layer intensity,2,1,1,2,1,3
left corner,2,1,1,2,1,3
length width,2,1,1,2,1,3
line elevation,2,1,1,2,1,3
line latitude,2,1,1,2,1,3
line longitude,2,1,1,2,1,3
liquid pixels,2,1,1,2,1,3
literal meaning,2,1,1,2,1,3
local identifier,2,1,1,2,1,3
longitude co2,2,1,1,2,1,3
longitude elevation_m,2,1,1,2,1,3
lp vu,2,1,1,2,1,3
magnesium concentration,2,1,1,2,1,3
mass measured,2,1,1,2,1,3
material twenty,2,1,1,2,1,3
maximum ice,2,1,1,2,1,3
maximum wave,2,1,1,2,1,3
meters density,2,1,1,2,1,3
microbial biomass,2,1,1,2,1,3
micromoles ammonium,2,1,1,2,1,3
micromoles insoluble,2,1,1,2,1,3
micromoles nitrate,2,1,1,2,1,3
nitrate concentrations,2,1,1,2,1,3
nitrate um,2,1,1,2,1,3
nitric acid,2,1,1,2,1,3
nitrite um,2,1,1,2,1,3
nitrogen percent,2,1,1,2,1,3
north east,2,1,1,2,1,3
north west,2,1,1,2,1,3
northing easting,2,1,1,2,1,3
organic layer,2,1,1,2,1,3
organic nitrogen_1,2,1,1,2,1,3
organic nitrogen_10,2,1,1,2,1,3
organic nitrogen_11,2,1,1,2,1,3
organic nitrogen_12,2,1,1,2,1,3
organic nitrogen_2,2,1,1,2,1,3
organic nitrogen_3,2,1,1,2,1,3
organic nitrogen_4,2,1,1,2,1,3
organic nitrogen_5,2,1,1,2,1,3
organic nitrogen_6,2,1,1,2,1,3
organic nitrogen_7,2,1,1,2,1,3
organic nitrogen_8,2,1,1,2,1,3
organic nitrogen_9,2,1,1,2,1,3
oxygen isotope,2,1,1,2,1,3
par dist_corr,2,1,1,2,1,3
particle concentration,2,1,1,2,1,3
pb cb,2,1,1,2,1,3
pco2 equilibrator,2,1,1,2,1,3
permil delta,2,1,1,2,1,3
permil sodium,2,1,1,2,1,3
peroxide concentration,2,1,1,2,1,3
pf en,2,1,1,2,1,3
phosphate um,2,1,1,2,1,3
phosphorus percent,2,1,1,2,1,3
pht _calcite,2,1,1,2,1,3
pigment concentration,2,1,1,2,1,3
plfa 1,2,1,1,2,1,3
plfa 2,2,1,1,2,1,3
plfa sample,2,1,1,2,1,3
plfa_14c dd14cplfa,2,1,1,2,1,3
plot block,2,1,1,2,1,3
pop warmed,2,1,1,2,1,3
precision notes,2,1,1,2,1,3
precision vertical,2,1,1,2,1,3
pres temp,2,1,1,2,1,3
profile background,2,1,1,2,1,3
quality control,2,1,1,2,1,3
rc ct,2,1,1,2,1,3
root biomass,2,1,1,2,1,3
salinity depth,2,1,1,2,1,3
salinity pco2,2,1,1,2,1,3
salinity ship's,2,1,1,2,1,3
sample size,2,1,1,2,1,3
sample_id latitude_north,2,1,1,2,1,3
samples co2,2,1,1,2,1,3
ship's sst,2,1,1,2,1,3
significant wave,2,1,1,2,1,3
silicate um,2,1,1,2,1,3
simple correction,2,1,1,2,1,3
sinusoidal gridcell,2,1,1,2,1,3
site pop,2,1,1,2,1,3
site station,2,1,1,2,1,3
size mm,2,1,1,2,1,3
size plfa,2,1,1,2,1,3
soil profile,2,1,1,2,1,3
soil total,2,1,1,2,1,3
sound specific,2,1,1,2,1,3
sp lp,2,1,1,2,1,3
species ramet,2,1,1,2,1,3
speed current,2,1,1,2,1,3
speed threshold,2,1,1,2,1,3
sst co2,2,1,1,2,1,3
sst simple,2,1,1,2,1,3
start depth,2,1,1,2,1,3
stereo image,2,1,1,2,1,3
stop depth,2,1,1,2,1,3
strontium concentration,2,1,1,2,1,3
subregion site_id,2,1,1,2,1,3
surface melt,2,1,1,2,1,3
surface stop,2,1,1,2,1,3
temp conduct,2,1,1,2,1,3
temperature chl,2,1,1,2,1,3
temperature pco2,2,1,1,2,1,3
temptmt location,2,1,1,2,1,3
term average,2,1,1,2,1,3
terminus location,2,1,1,2,1,3
thawed organic,2,1,1,2,1,3
thickness maximum,2,1,1,2,1,3
time chlorine,2,1,1,2,1,3
time pres,2,1,1,2,1,3
topographic feature,2,1,1,2,1,3
total co2,2,1,1,2,1,3
total dominant,2,1,1,2,1,3
total nitrogen,2,1,1,2,1,3
total organic,2,1,1,2,1,3
tram_distance par,2,1,1,2,1,3
transducer depth,2,1,1,2,1,3
treatment co2,2,1,1,2,1,3
treatment species,2,1,1,2,1,3
treatment t1,2,1,1,2,1,3
type treatment,2,1,1,2,1,3
uncalibrated age,2,1,1,2,1,3
vegetation type,2,1,1,2,1,3
velocity eastward,2,1,1,2,1,3
vertical precision,2,1,1,2,1,3
vnorth date,2,1,1,2,1,3
vu vvi,2,1,1,2,1,3
vvi bn,2,1,1,2,1,3
warmed t1,2,1,1,2,1,3
watershed subregion,2,1,1,2,1,3
weight dominant,2,1,1,2,1,3
west north,2,1,1,2,1,3
wet weight,2,1,1,2,1,3
width fine,2,1,1,2,1,3
yugcetun english,2,1,1,2,1,3
_calcite _aragonite,2,1,1,2,1,3
ammonia concentration,7,3,3,2.3333333333333335,1,3.3333333333333335
date latitude,7,3,3,2.3333333333333335,1,3.3333333333333335
station latitude,7,3,3,2.3333333333333335,1,3.3333333333333335
site date,5,5,3,1.6666666666666667,1.6666666666666667,3.3333333333333335
block plot,5,2,2,2.5,1,3.5
delta 15n,5,2,2,2.5,1,3.5
depth measured,5,2,2,2.5,1,3.5
nitrite concentration,5,2,2,2.5,1,3.5
plant species,5,2,2,2.5,1,3.5
water temperature,5,2,2,2.5,1,3.5
18 isotope,4,3,2,2,1.5,3.5
co2 flux,4,3,2,2,1.5,3.5
dry mass,8,3,3,2.6666666666666665,1,3.6666666666666665
site treatment,6,5,3,2,1.6666666666666667,3.666666666666667
water equivalent,14,5,5,2.8,1,3.8
basin id,6,2,2,3,1,4
conductivity salinity,6,2,2,3,1,4
ghaas river,6,2,2,3,1,4
river basin,6,2,2,3,1,4
surface temperature,6,2,2,3,1,4
unique identifier,6,2,2,3,1,4
5 cm,4,4,2,2,2,4
block fence,4,4,2,2,2,4
1 time,3,1,1,3,1,4
2 time,3,1,1,3,1,4
3 specific,3,1,1,3,1,4
3 time,3,1,1,3,1,4
4 specific,3,1,1,3,1,4
4 time,3,1,1,3,1,4
5 specific,3,1,1,3,1,4
5 time,3,1,1,3,1,4
6 specific,3,1,1,3,1,4
6 time,3,1,1,3,1,4
7 specific,3,1,1,3,1,4
atmospheric pc02,3,1,1,3,1,4
background profile,3,1,1,3,1,4
background specific,3,1,1,3,1,4
brightness_temperature brightness_temperature,3,1,1,3,1,4
calculated flux,3,1,1,3,1,4
carbon 13,3,1,1,3,1,4
carbon 14,3,1,1,3,1,4
coarse scale,3,1,1,3,1,4
conductivity temperature,3,1,1,3,1,4
content uncertainty,3,1,1,3,1,4
daily temperature,3,1,1,3,1,4
daughter 1,3,1,1,3,1,4
daughter 2,3,1,1,3,1,4
daughter 3,3,1,1,3,1,4
daughter 4,3,1,1,3,1,4
daughter 5,3,1,1,3,1,4
daughter 6,3,1,1,3,1,4
day hour,3,1,1,3,1,4
day sea,3,1,1,3,1,4
deviation depth,3,1,1,3,1,4
down_conn total_conn,3,1,1,3,1,4
east north,3,1,1,3,1,4
fid zone,3,1,1,3,1,4
fine scale,3,1,1,3,1,4
flux latitude,3,1,1,3,1,4
fraction iodine,3,1,1,3,1,4
hour minute,3,1,1,3,1,4
ice thickness,3,1,1,3,1,4
julian day,3,1,1,3,1,4
land form,3,1,1,3,1,4
mass concentration,3,1,1,3,1,4
measuredon_2013 07,3,1,1,3,1,4
measurement date,3,1,1,3,1,4
month day,3,1,1,3,1,4
nanograms gram,3,1,1,3,1,4
natural abundance,3,1,1,3,1,4
pamir ice,3,1,1,3,1,4
pc02 calculated,3,1,1,3,1,4
pctlakeare up_conn,3,1,1,3,1,4
perimeter totallakes,3,1,1,3,1,4
recorded temperature,3,1,1,3,1,4
salinity wind,3,1,1,3,1,4
site depth,3,1,1,3,1,4
snow accumulation,3,1,1,3,1,4
specific conductivity,3,1,1,3,1,4
surf_geol hydconn,3,1,1,3,1,4
temperature standard,3,1,1,3,1,4
thickness ice,3,1,1,3,1,4
time tsurf,3,1,1,3,1,4
timestamp temperature,3,1,1,3,1,4
total_conn surf_geol,3,1,1,3,1,4
totallakes pctlakeare,3,1,1,3,1,4
transect dead,3,1,1,3,1,4
transect live,3,1,1,3,1,4
tsurf veast,3,1,1,3,1,4
up_conn down_conn,3,1,1,3,1,4
veast vnorth,3,1,1,3,1,4
water vapor,3,1,1,3,1,4
zone catch_id,3,1,1,3,1,4
0 liquid,2,2,1,2,2,4
0.5x0.5 degrees,2,2,1,2,2,4
10 11851,2,2,1,2,2,4
10.5194 acp,2,2,1,2,2,4
1000 hpa,2,2,1,2,2,4
11851 2010,2,2,1,2,2,4
250 ice,2,2,1,2,2,4
700 hpa,2,2,1,2,2,4
acp 10,2,2,1,2,2,4
agc_closed pressdrop,2,2,1,2,2,4
al 2010,2,2,1,2,2,4
alk_ueql pco2_uatm,2,2,1,2,2,4
ammonium nitrate,2,2,1,2,2,4
bd cm,2,2,1,2,2,4
benthic sediment,2,2,1,2,2,4
biomass burning,2,2,1,2,2,4
ca_um mg_um,2,2,1,2,2,4
ch4_flux ch4_flux_f,2,2,1,2,2,4
ch4_flux_gf ch4_flux_gf_qc,2,2,1,2,2,4
ch4_flux_gf_qc rssi,2,2,1,2,2,4
ch4_um doc_um,2,2,1,2,2,4
cloud droplets,2,2,1,2,2,4
cloud liquid,2,2,1,2,2,4
cloud optical,2,2,1,2,2,4
cm dbh,2,2,1,2,2,4
cm depth,2,2,1,2,2,4
co2 efflux,2,2,1,2,2,4
co2_dry h2o_dry,2,2,1,2,2,4
co2_um ch4_um,2,2,1,2,2,4
concentration collection,2,2,1,2,2,4
cond_us ph,2,2,1,2,2,4
date time_hr_dst,2,2,1,2,2,4
date tree,2,2,1,2,2,4
day site,2,2,1,2,2,4
days ammonium,2,2,1,2,2,4
dbh cm,2,2,1,2,2,4
degrees cell,2,2,1,2,2,4
depth co2,2,2,1,2,2,4
depth retrieved,2,2,1,2,2,4
depth_m distance_km,2,2,1,2,2,4
details doi,2,2,1,2,2,4
dissolved nitrogen,2,2,1,2,2,4
distance_km elevation_m,2,2,1,2,2,4
doc_um nh4_opa_um,2,2,1,2,2,4
doi 10.5194,2,2,1,2,2,4
droplets retrieved,2,2,1,2,2,4
ecotype treatment,2,2,1,2,2,4
elevation_m temp_c,2,2,1,2,2,4
equator column,2,2,1,2,2,4
fc_cwbu_gf co2_dry,2,2,1,2,2,4
garden ecotype,2,2,1,2,2,4
garden source,2,2,1,2,2,4
grid considered,2,2,1,2,2,4
h2o_dry agc_closed,2,2,1,2,2,4
incubation temperature,2,2,1,2,2,4
intertussock date,2,2,1,2,2,4
kg surface,2,2,1,2,2,4
mg_um na_um,2,2,1,2,2,4
na_um k_um,2,2,1,2,2,4
nh4_opa_um po4_um,2,2,1,2,2,4
nitrate phosphate,2,2,1,2,2,4
nitrogen collection,2,2,1,2,2,4
no3_um tdn_um,2,2,1,2,2,4
path cloud,2,2,1,2,2,4
pc_ugl pn_ugl,2,2,1,2,2,4
pch4_uatm co2_um,2,2,1,2,2,4
pco2_uatm pch4_uatm,2,2,1,2,2,4
ph alk_ueql,2,2,1,2,2,4
plot loc,2,2,1,2,2,4
plot replicate,2,2,1,2,2,4
plot trt,2,2,1,2,2,4
pn_ugl pp_um,2,2,1,2,2,4
po4_um no3_um,2,2,1,2,2,4
population warming,2,2,1,2,2,4
position chlorophyll,2,2,1,2,2,4
position delta,2,2,1,2,2,4
position dissolved,2,2,1,2,2,4
pp_um ca_um,2,2,1,2,2,4
pressdrop pumponflag,2,2,1,2,2,4
priority station,2,2,1,2,2,4
pumponflag vibonflag,2,2,1,2,2,4
qc_ch4_flux rssi,2,2,1,2,2,4
qc_ta_gf tsoil_1_f,2,2,1,2,2,4
qc_tsoil_1_gf pa_1,2,2,1,2,2,4
replicate treatment,2,2,1,2,2,4
rssi potrad,2,2,1,2,2,4
season tussock,2,2,1,2,2,4
sediment grams,2,2,1,2,2,4
site tree,2,2,1,2,2,4
sla leaf,2,2,1,2,2,4
so4_um cl_um,2,2,1,2,2,4
sortchem site,2,2,1,2,2,4
source tussock,2,2,1,2,2,4
specific humidity,2,2,1,2,2,4
square meter,2,2,1,2,2,4
surface pressure,2,2,1,2,2,4
t_40cm airt,2,2,1,2,2,4
t_surface ch4_flux,2,2,1,2,2,4
t_surface potrad,2,2,1,2,2,4
tdn_um tdp_um,2,2,1,2,2,4
tdp_um pc_ugl,2,2,1,2,2,4
temp_c cond_us,2,2,1,2,2,4
term organic,2,2,1,2,2,4
time_hr_dst depth_m,2,2,1,2,2,4
top 5,2,2,1,2,2,4
top temperature,2,2,1,2,2,4
transplant garden,2,2,1,2,2,4
treatment sla,2,2,1,2,2,4
treatment tree,2,2,1,2,2,4
tsoil_1_gf qc_tsoil_1_gf,2,2,1,2,2,4
tussock intertussock,2,2,1,2,2,4
warming t_5cm,2,2,1,2,2,4
water path,2,2,1,2,2,4
watershed site,2,2,1,2,2,4
wd potrad,2,2,1,2,2,4
core depth,13,4,4,3.25,1,4.25
latitude longitude,68,30,22,3.090909090909091,1.3636363636363635,4.454545454545454
dissolved organic,18,6,5,3.6,1.2,4.8
soil temperature,18,7,5,3.6,1.4,5
site plot,10,10,4,2.5,2.5,5
2 specific,4,1,1,4,1,5
belowground material,4,1,1,4,1,5
class level,4,1,1,4,1,5
co2 atmospheric,4,1,1,4,1,5
co2 system,4,1,1,4,1,5
conductance time,4,1,1,4,1,5
corner coordinates,4,1,1,4,1,5
depth melt,4,1,1,4,1,5
dominant taxa,4,1,1,4,1,5
foliar material,4,1,1,4,1,5
layer thickness,4,1,1,4,1,5
level taxonomic,4,1,1,4,1,5
longitude salinity,4,1,1,4,1,5
material collected,4,1,1,4,1,5
nitrate nitrite,4,1,1,4,1,5
phosphate concentration,4,1,1,4,1,5
profile 7,4,1,1,4,1,5
profile 8,4,1,1,4,1,5
ratio core,4,1,1,4,1,5
sbe45 salinity,4,1,1,4,1,5
silicate concentration,4,1,1,4,1,5
site melt,4,1,1,4,1,5
source ff,4,1,1,4,1,5
spidertmt temptmt,4,1,1,4,1,5
super co2,4,1,1,4,1,5
system sbe45,4,1,1,4,1,5
taxa class,4,1,1,4,1,5
taxonomic rank,4,1,1,4,1,5
thousand permil,4,1,1,4,1,5
transducer date,4,1,1,4,1,5
transducer slug,4,1,1,4,1,5
velocity date,4,1,1,4,1,5
wave height,4,1,1,4,1,5
wave period,4,1,1,4,1,5
wind velocity,4,1,1,4,1,5
aerosol optical,3,2,1,3,2,5
cloud phase,3,2,1,3,2,5
g7 t8,3,2,1,3,2,5
g8 t9,3,2,1,3,2,5
isotope delta,3,2,1,3,2,5
mineral date,3,2,1,3,2,5
mineral soil,3,2,1,3,2,5
ndvi t1,3,2,1,3,2,5
ndvi t2,3,2,1,3,2,5
t1 ndvi,3,2,1,3,2,5
t2 ndvi,3,2,1,3,2,5
t8 g8,3,2,1,3,2,5
t9 g9,3,2,1,3,2,5
ice core,17,4,4,4.25,1,5.25
vegetation classification,9,2,2,4.5,1,5.5
photosynthetically active,14,3,3,4.666666666666667,1,5.666666666666667
eastward velocity,10,2,2,5,1,6
melt layer,10,2,2,5,1,6
meter water,10,2,2,5,1,6
northward velocity,10,2,2,5,1,6
temperature measurement,10,2,2,5,1,6
age ethane,5,1,1,5,1,6
core identification,5,1,1,5,1,6
core site,5,1,1,5,1,6
corrected acetylene,5,1,1,5,1,6
date depth,5,1,1,5,1,6
delta carbon,5,1,1,5,1,6
error ethane,5,1,1,5,1,6
error ice,5,1,1,5,1,6
error solubility,5,1,1,5,1,6
ethane error,5,1,1,5,1,6
ice elevation,5,1,1,5,1,6
identification top,5,1,1,5,1,6
north america,5,1,1,5,1,6
plot treatment,5,1,1,5,1,6
profile 1,5,1,1,5,1,6
profile 3,5,1,1,5,1,6
profile 4,5,1,1,5,1,6
ratio ethane,5,1,1,5,1,6
sample gas,5,1,1,5,1,6
sea surface,5,1,1,5,1,6
site top,5,1,1,5,1,6
solubility corrected,5,1,1,5,1,6
temperature super,5,1,1,5,1,6
test depth,5,1,1,5,1,6
transducer time,5,1,1,5,1,6
um stdev,5,1,1,5,1,6
ci ctleaf,4,2,1,4,2,6
ctleaf pari,4,2,1,4,2,6
day tussock,4,2,1,4,2,6
depth o2,4,2,1,4,2,6
ecotype tussock,4,2,1,4,2,6
effective radius,4,2,1,4,2,6
measurement soil,4,2,1,4,2,6
o2 sami,4,2,1,4,2,6
photo ci,4,2,1,4,2,6
pressure retrieved,4,2,1,4,2,6
shielding quartz_g,4,2,1,4,2,6
thickness_cm shielding,4,2,1,4,2,6
top pressure,4,2,1,4,2,6
treatment photo,4,2,1,4,2,6
tussock site,4,2,1,4,2,6
tussock treatment,4,2,1,4,2,6
1 rain_mm,3,3,1,3,3,6
airtemp_2m_c rh_2m_,3,3,1,3,3,6
ch4_flux qc_ch4_flux,3,3,1,3,3,6
cs616_2 ch4_flux,3,3,1,3,3,6
gpp_f qc_gpp,3,3,1,3,3,6
ppfd_umols_m 2_s,3,3,1,3,3,6
rh_2m_ ppfd_umols_m,3,3,1,3,3,6
t_10cm t_20cm,3,3,1,3,3,6
t_20cm t_40cm,3,3,1,3,3,6
t_5cm t_10cm,3,3,1,3,3,6
time airtemp_2m_c,3,3,1,3,3,6
time block,3,3,1,3,3,6
time tree1_dt_c,3,3,1,3,3,6
tree1_dt_c tree2_dt_c,3,3,1,3,3,6
tree2_dt_c tree3_dt_c,3,3,1,3,3,6
tree3_dt_c tree4_dt_c,3,3,1,3,3,6
tree4_dt_c tree5_dt_c,3,3,1,3,3,6
tree5_dt_c tree6_dt_c,3,3,1,3,3,6
tree6_dt_c tree7_dt_c,3,3,1,3,3,6
tree7_dt_c tree8_dt_c,3,3,1,3,3,6
tree8_dt_c tree9_dt_c,3,3,1,3,3,6
tree9_dt_c tree10_dt_c,3,3,1,3,3,6
air temperature,17,16,5,3.4,3.2,6.6
date time,39,15,8,4.875,1.875,6.75
top depth,12,2,2,6,1,7
liquid water,11,3,2,5.5,1.5,7
collection method,7,7,2,3.5,3.5,7
carbon dioxide,6,1,1,6,1,7
concentration vaisala,6,1,1,6,1,7
content decagon,6,1,1,6,1,7
dioxide concentration,6,1,1,6,1,7
percent site,6,1,1,6,1,7
pore space,6,1,1,6,1,7
profile 2,6,1,1,6,1,7
profile 5,6,1,1,6,1,7
profile 6,6,1,1,6,1,7
scale vegetation,6,1,1,6,1,7
slug test,6,1,1,6,1,7
soil pore,6,1,1,6,1,7
soil water,6,1,1,6,1,7
space carbon,6,1,1,6,1,7
temperature decagon,6,1,1,6,1,7
temperature vaisala,6,1,1,6,1,7
weight daughter,6,1,1,6,1,7
co2 date,5,2,1,5,2,7
co2 temperature,5,2,1,5,2,7
data flag,5,2,1,5,2,7
hpa temperature,5,2,1,5,2,7
modis cloud,5,2,1,5,2,7
optical depth,5,2,1,5,2,7
pco2 sami,5,2,1,5,2,7
ph temperature,5,2,1,5,2,7
sami pco2,5,2,1,5,2,7
date day,9,6,2,4.5,3,7.5
column position,8,8,2,4,4,8
water column,8,8,2,4,4,8
site transect,7,1,1,7,1,8
top 10,7,1,1,7,1,8
microcat depth,6,2,1,6,2,8
microcat salinity,6,2,1,6,2,8
microcat temperature,6,2,1,6,2,8
ph date,6,2,1,6,2,8
ph sami,6,2,1,6,2,8
salinity microcat,6,2,1,6,2,8
g6 t7,5,3,1,5,3,8
t7 g7,5,3,1,5,3,8
cs616_2 t_surface,4,4,1,4,4,8
disc ringwidth_mm,4,4,1,4,4,8
nm reflectance,4,4,1,4,4,8
qc_fc_cwu_gf fc_cwbnegu_f,4,4,1,4,4,8
reflectance intensity,4,4,1,4,4,8
swc_2_f tsoil_2,4,4,1,4,4,8
tsoil_2 agc,4,4,1,4,4,8
wavelength nm,4,4,1,4,4,8
water content,15,2,2,7.5,1,8.5
salinity pressure,14,3,2,7,1.5,8.5
node station,9,8,2,4.5,4,8.5
temperature conductivity,15,3,2,7.5,1.5,9
air content,8,1,1,8,1,9
cm number.of.node,8,1,1,8,1,9
concentration flag,8,1,1,8,1,9
depth eastward,8,1,1,8,1,9
firn air,8,1,1,8,1,9
pressure datetime,8,1,1,8,1,9
site viper,8,1,1,8,1,9
super 2016,8,1,1,8,1,9
time recorded,8,1,1,8,1,9
velocity northward,8,1,1,8,1,9
viper site,8,1,1,8,1,9
cloud top,7,2,1,7,2,9
sinusoidal grid,7,2,1,7,2,9
conductivity potential,9,1,1,9,1,10
datetime temperature,9,1,1,9,1,10
equivalent index,9,1,1,9,1,10
firn compaction,9,1,1,9,1,10
firn density,9,1,1,9,1,10
firn liquid,9,1,1,9,1,10
isotope addition,9,1,1,9,1,10
kelvin index,9,1,1,9,1,10
kg m3,9,1,1,9,1,10
level time,9,1,1,9,1,10
m3 index,9,1,1,9,1,10
measurement level,9,1,1,9,1,10
measurements firn,9,1,1,9,1,10
meter index,9,1,1,9,1,10
number.of.node thaw.depth,9,1,1,9,1,10
potential temperature,9,1,1,9,1,10
source bb,9,1,1,9,1,10
temperature measurements,9,1,1,9,1,10
thaw.depth cm,9,1,1,9,1,10
hummock soil,8,2,1,8,2,10
swale soil,8,2,1,8,2,10
cs616_2 potrad,5,5,1,5,5,10
method station,5,5,1,5,5,10
priority data,5,5,1,5,5,10
qc_fc_cwbnegu_gf le_cw_f,5,5,1,5,5,10
rg_out_f rnet_f,5,5,1,5,5,10
wind speed,28,15,4,7,3.75,10.75
longitude latitude,50,5,5,10,1,11
bottom depth,10,1,1,10,1,11
depth bottom,10,1,1,10,1,11
depth gas,10,1,1,10,1,11
ratio acetylene,10,1,1,10,1,11
ratio error,10,1,1,10,1,11
g1 t2,7,4,1,7,4,11
g2 t3,7,4,1,7,4,11
g3 t4,7,4,1,7,4,11
g4 t5,7,4,1,7,4,11
g5 t6,7,4,1,7,4,11
t1 g1,7,4,1,7,4,11
t2 g2,7,4,1,7,4,11
t3 g3,7,4,1,7,4,11
t4 g4,7,4,1,7,4,11
t5 g5,7,4,1,7,4,11
t6 g6,7,4,1,7,4,11
2_s 1,6,5,1,6,5,11
conductance profile,11,1,1,11,1,12
sami co2,10,2,1,10,2,12
station date,9,3,1,9,3,12
collected water,6,6,1,6,6,12
g4_f swc_1_f,6,6,1,6,6,12
ust tau_c,6,6,1,6,6,12
radiation air,13,13,2,6.5,6.5,13
radiation net,13,13,2,6.5,6.5,13
decagon probe,12,1,1,12,1,13
depth utm,12,1,1,12,1,13
detrital particulate,12,1,1,12,1,13
easting utm,12,1,1,12,1,13
gram ng,12,1,1,12,1,13
northing depth,12,1,1,12,1,13
particulate organic,12,1,1,12,1,13
utm easting,12,1,1,12,1,13
utm northing,12,1,1,12,1,13
vaisala probe,12,1,1,12,1,13
time sami,11,2,1,11,2,13
temperature microcat,12,2,1,12,2,14
date collected,8,7,1,8,7,15
lagoon station,8,7,1,8,7,15
sampling priority,8,7,1,8,7,15
sampling season,8,7,1,8,7,15
season date,8,7,1,8,7,15
station lagoon,8,7,1,8,7,15
station node,8,7,1,8,7,15
acetylene mixing,15,1,1,15,1,16
ethane mixing,15,1,1,15,1,16
gas age,15,1,1,15,1,16
pressure transducer,15,1,1,15,1,16
time height,15,1,1,15,1,16
ebc tau_c,8,8,1,8,8,16
fc_cwbexpu_f fc_cwbexpu_gf,8,8,1,8,8,16
fc_cwbexpu_gf qc_fc_cwbexpu_gf,8,8,1,8,8,16
g1_str g2_str,8,8,1,8,8,16
g2_str swc_1_f,8,8,1,8,8,16
g4_f g1_str,8,8,1,8,8,16
qc_fc_cwbexpu_gf le_cw_f,8,8,1,8,8,16
qc_fc_cwbnegu_gf fc_cwbexpu_f,8,8,1,8,8,16
ust ebc,8,8,1,8,8,16
time depth,45,4,3,15,1.3333333333333333,16.333333333333332
mixing ratio,31,2,2,15.5,1,16.5
depth depth,47,3,3,15.666666666666666,1,16.666666666666664
fraction time,16,1,1,16,1,17
ozone mole,16,1,1,16,1,17
time ozone,16,1,1,16,1,17
type station,10,7,1,10,7,17
depth lake,17,1,1,17,1,18
data package,9,9,1,9,9,18
fc_cwbu_f fc_cwbu_gf,9,9,1,9,9,18
fc_cwbu_gf qc_fc_cwbu_gf,9,9,1,9,9,18
package id,9,9,1,9,9,18
qc_fc_cwbu_gf fc_cwbnegu_f,9,9,1,9,9,18
qc_fc_cwu_gf fc_cwbu_f,9,9,1,9,9,18
rg_out_f rlong_f,9,9,1,9,9,18
rlong_f rlong_out_f,9,9,1,9,9,18
rlong_out_f rnet_f,9,9,1,9,9,18
role begin,9,9,1,9,9,18
surname role,9,9,1,9,9,18
swc_2_f tsoil_2_f,9,9,1,9,9,18
tsoil_2_f agc,9,9,1,9,9,18
lake depth,18,1,1,18,1,19
sami ph,17,2,1,17,2,19
longitude habitat,11,8,1,11,8,19
aux_1 aux_2,21,21,2,10.5,10.5,21
aux_2 aux_3,21,21,2,10.5,10.5,21
aux_3 aux_4,21,21,2,10.5,10.5,21
aux_4 aux_5,21,21,2,10.5,10.5,21
aux_5 aux_6,21,21,2,10.5,10.5,21
fc_cwbu_gf aux_1,21,21,2,10.5,10.5,21
habitat type,12,9,1,12,9,21
billion ppb,21,1,1,21,1,22
ppb source,21,1,1,21,1,22
gpp_f gpp_fqc,11,11,1,11,11,22
agc_avg c_spike,23,23,2,11.5,11.5,23
albedo albedo_f,23,23,2,11.5,11.5,23
albedo_f rnet,23,23,2,11.5,11.5,23
amp_h_f_tot amp_l_f_tot,23,23,2,11.5,11.5,23
amp_l_f_tot chopper_f_tot,23,23,2,11.5,11.5,23
battvolt_avg battvolt_min,23,23,2,11.5,11.5,23
battvolt_min tpanel,23,23,2,11.5,11.5,23
c_spike q_spike,23,23,2,11.5,11.5,23
c_stationarity q_stationarity,23,23,2,11.5,11.5,23
chopper_f_tot detector_f_tot,23,23,2,11.5,11.5,23
co2 co2_f,23,23,2,11.5,11.5,23
co2_1 co2_1_f,23,23,2,11.5,11.5,23
co2_1_f co2_1_gf,23,23,2,11.5,11.5,23
co2_1_gf h2o_1,23,23,2,11.5,11.5,23
co2_f co2_gf,23,23,2,11.5,11.5,23
co2_gf rhocp,23,23,2,11.5,11.5,23
csat_error c_stationarity,23,23,2,11.5,11.5,23
csat_warnings irga_warnings,23,23,2,11.5,11.5,23
del_t_f sig_lck_f_tot,23,23,2,11.5,11.5,23
detector_f_tot pll_f_tot,23,23,2,11.5,11.5,23
dom hhmm,23,23,2,11.5,11.5,23
doy month,23,23,2,11.5,11.5,23
ebc ta_1,23,23,2,11.5,11.5,23
fc zol,23,23,2,11.5,11.5,23
fc_c wpl_le,23,23,2,11.5,11.5,23
fc_cw fc_cw_f,23,23,2,11.5,11.5,23
fc_cw_f fc_cw_gf,23,23,2,11.5,11.5,23
fc_cw_gf fc_cwb_gf,23,23,2,11.5,11.5,23
fc_cwb_gf fc_cwbu_gf,23,23,2,11.5,11.5,23
fcle_freqresp uw_c,23,23,2,11.5,11.5,23
footp ebc,23,23,2,11.5,11.5,23
g1 g1_f,23,23,2,11.5,11.5,23
g1_f g1_gf,23,23,2,11.5,11.5,23
g1_gf g2,23,23,2,11.5,11.5,23
g2 g2_f,23,23,2,11.5,11.5,23
g2_f g2_gf,23,23,2,11.5,11.5,23
g2_gf g3,23,23,2,11.5,11.5,23
g3 g3_f,23,23,2,11.5,11.5,23
g3_f g3_gf,23,23,2,11.5,11.5,23
g3_gf g4,23,23,2,11.5,11.5,23
g4 g4_f,23,23,2,11.5,11.5,23
g4_f g4_gf,23,23,2,11.5,11.5,23
g4_gf swc_1,23,23,2,11.5,11.5,23
h_c h_c_f,23,23,2,11.5,11.5,23
h_c_f h_c_gf,23,23,2,11.5,11.5,23
h_c_gf le_c,23,23,2,11.5,11.5,23
h_freqresp fcle_freqresp,23,23,2,11.5,11.5,23
h2o_1 h2o_1_f,23,23,2,11.5,11.5,23
h2o_1_f h2o_1_gf,23,23,2,11.5,11.5,23
h2o_1_gf rg,23,23,2,11.5,11.5,23
hhmm timestamp,23,23,2,11.5,11.5,23
irga_error csat_error,23,23,2,11.5,11.5,23
irga_warnings del_t_f,23,23,2,11.5,11.5,23
le fc,23,23,2,11.5,11.5,23
le_c fc_c,23,23,2,11.5,11.5,23
le_cw le_cw_f,23,23,2,11.5,11.5,23
le_cw_f le_cw_gf,23,23,2,11.5,11.5,23
le_cw_gf wpl_fc,23,23,2,11.5,11.5,23
month dom,23,23,2,11.5,11.5,23
n_tot csat_warnings,23,23,2,11.5,11.5,23
pa ws,23,23,2,11.5,11.5,23
pa_1 vp_1,23,23,2,11.5,11.5,23
par par_f,23,23,2,11.5,11.5,23
par_f par_gf,23,23,2,11.5,11.5,23
par_gf par_totflx_tot,23,23,2,11.5,11.5,23
par_out par_out_f,23,23,2,11.5,11.5,23
par_out_f par_out_gf,23,23,2,11.5,11.5,23
par_out_gf par_out_totflx_tot,23,23,2,11.5,11.5,23
par_out_totflx_tot precip,23,23,2,11.5,11.5,23
par_totflx_tot par_out,23,23,2,11.5,11.5,23
pll_f_tot sync_f_tot,23,23,2,11.5,11.5,23
precip precip_f,23,23,2,11.5,11.5,23
precip_f snowd,23,23,2,11.5,11.5,23
q_spike u_spike,23,23,2,11.5,11.5,23
q_stationarity t_stationarity,23,23,2,11.5,11.5,23
record battvolt_avg,23,23,2,11.5,11.5,23
rg rg_f,23,23,2,11.5,11.5,23
rg_gf rg_out,23,23,2,11.5,11.5,23
rg_out rg_out_f,23,23,2,11.5,11.5,23
rg_out_f rg_out_gf,23,23,2,11.5,11.5,23
rg_out_gf rl,23,23,2,11.5,11.5,23
rh rh_f,23,23,2,11.5,11.5,23
rh_gf co2_1,23,23,2,11.5,11.5,23
rhocp ust,23,23,2,11.5,11.5,23
rl rl_f,23,23,2,11.5,11.5,23
rl_f rl_gf,23,23,2,11.5,11.5,23
rl_gf rl_out,23,23,2,11.5,11.5,23
rl_out rl_out_f,23,23,2,11.5,11.5,23
rl_out_f rl_out_gf,23,23,2,11.5,11.5,23
rl_out_gf albedo,23,23,2,11.5,11.5,23
rnet rnet_f,23,23,2,11.5,11.5,23
rnet_f rnet_gf,23,23,2,11.5,11.5,23
rnet_gf par,23,23,2,11.5,11.5,23
sdv footp,23,23,2,11.5,11.5,23
sig_lck_f_tot amp_h_f_tot,23,23,2,11.5,11.5,23
signal_quality g1,23,23,2,11.5,11.5,23
snowd snowd_f,23,23,2,11.5,11.5,23
snowd_f snowd_gf,23,23,2,11.5,11.5,23
snowd_gf signal_quality,23,23,2,11.5,11.5,23
solar_elevation pa,23,23,2,11.5,11.5,23
swc_1 swc_1_f,23,23,2,11.5,11.5,23
swc_1_f swc_1_gf,23,23,2,11.5,11.5,23
swc_1_gf swc_2,23,23,2,11.5,11.5,23
swc_2 swc_2_f,23,23,2,11.5,11.5,23
swc_2_f swc_2_gf,23,23,2,11.5,11.5,23
swc_2_gf tsoil_1,23,23,2,11.5,11.5,23
sync_f_tot agc_avg,23,23,2,11.5,11.5,23
t_spike irga_error,23,23,2,11.5,11.5,23
t_stationarity sdv,23,23,2,11.5,11.5,23
ta ta_f,23,23,2,11.5,11.5,23
ta_1 ta_1_f,23,23,2,11.5,11.5,23
ta_1_f ta_1_gf,23,23,2,11.5,11.5,23
ta_1_gf pa_1,23,23,2,11.5,11.5,23
ta_gf vp,23,23,2,11.5,11.5,23
tau le,23,23,2,11.5,11.5,23
tau_c h_c,23,23,2,11.5,11.5,23
tpanel n_tot,23,23,2,11.5,11.5,23
tsoil_1 tsoil_1_f,23,23,2,11.5,11.5,23
tsoil_1_gf tsoil_2,23,23,2,11.5,11.5,23
tsoil_2 tsoil_2_f,23,23,2,11.5,11.5,23
tsoil_2_f tsoil_2_gf,23,23,2,11.5,11.5,23
tsoil_2_gf tsurf,23,23,2,11.5,11.5,23
tsurf tsurf_f,23,23,2,11.5,11.5,23
tsurf_f tsurf_gf,23,23,2,11.5,11.5,23
tsurf_gf ws_1,23,23,2,11.5,11.5,23
u_spike v_spike,23,23,2,11.5,11.5,23
uw tau,23,23,2,11.5,11.5,23
uw_c tau_c,23,23,2,11.5,11.5,23
uw_freqr h_freqresp,23,23,2,11.5,11.5,23
v_spike w_spike,23,23,2,11.5,11.5,23
vp vp_f,23,23,2,11.5,11.5,23
vp_1 vp_1_f,23,23,2,11.5,11.5,23
vp_1_f vp_1_gf,23,23,2,11.5,11.5,23
vp_1_gf vpd,23,23,2,11.5,11.5,23
vp_f vp_gf,23,23,2,11.5,11.5,23
vp_gf co2,23,23,2,11.5,11.5,23
vpd vpd_f,23,23,2,11.5,11.5,23
vpd_gf rh,23,23,2,11.5,11.5,23
w_spike t_spike,23,23,2,11.5,11.5,23
wd wd_f,23,23,2,11.5,11.5,23
wd_1 wd_1_f,23,23,2,11.5,11.5,23
wd_1_f wd_1_gf,23,23,2,11.5,11.5,23
wd_1_gf solar_elevation,23,23,2,11.5,11.5,23
wd_f wd_gf,23,23,2,11.5,11.5,23
wd_gf ta,23,23,2,11.5,11.5,23
wpl_fc fc_cw,23,23,2,11.5,11.5,23
wpl_le le_cw,23,23,2,11.5,11.5,23
ws ws_f,23,23,2,11.5,11.5,23
ws_1 ws_1_f,23,23,2,11.5,11.5,23
ws_1_f wd_1,23,23,2,11.5,11.5,23
ws_f ws_gf,23,23,2,11.5,11.5,23
ws_gf wd,23,23,2,11.5,11.5,23
zol uw_freqr,23,23,2,11.5,11.5,23
mole fraction,22,1,1,22,1,23
station sampling,16,7,1,16,7,23
albedo total,12,12,1,12,12,24
battery voltage,12,12,1,12,12,24
body temperature,12,12,1,12,12,24
cm corrected,12,12,1,12,12,24
corrected tram,12,12,1,12,12,24
count normalized,12,12,1,12,12,24
cs616_1 cs616_2,12,12,1,12,12,24
datalogger panel,12,12,1,12,12,24
detector sensor,12,12,1,12,12,24
downwelling wave,12,12,1,12,12,24
index standardized,12,12,1,12,12,24
index tram,12,12,1,12,12,24
infrared detector,12,12,1,12,12,24
mv output,12,12,1,12,12,24
net radiation,12,12,1,12,12,24
net short,12,12,1,12,12,24
panel temperature,12,12,1,12,12,24
qc_ta_gf tsoil_f,12,12,1,12,12,24
qc_tsoil_gf pa_1,12,12,1,12,12,24
radiation albedo,12,12,1,12,12,24
radiation cnr4,12,12,1,12,12,24
radiation upwelling,12,12,1,12,12,24
rotation count,12,12,1,12,12,24
sensor body,12,12,1,12,12,24
speed downwelling,12,12,1,12,12,24
speed net,12,12,1,12,12,24
standardized normalized,12,12,1,12,12,24
target temperature,12,12,1,12,12,24
temperature mv,12,12,1,12,12,24
temperature time,12,12,1,12,12,24
thermopile infrared,12,12,1,12,12,24
time record,12,12,1,12,12,24
total net,12,12,1,12,12,24
transect cm,12,12,1,12,12,24
transect file,12,12,1,12,12,24
tsoil_f tsoil_gf,12,12,1,12,12,24
tsoil_gf qc_tsoil_gf,12,12,1,12,12,24
upwelling short,12,12,1,12,12,24
voltage datalogger,12,12,1,12,12,24
wd cs616_1,12,12,1,12,12,24
wheel rotation,12,12,1,12,12,24
tsoil_1_f tsoil_1_gf,25,25,2,12.5,12.5,25
fc_cwbnegu_f fc_cwbnegu_gf,13,13,1,13,13,26
fc_cwbnegu_gf qc_fc_cwbnegu_gf,13,13,1,13,13,26
precip snowd_f,13,13,1,13,13,26
snowd_f g1_f,13,13,1,13,13,26
specific conductance,27,1,1,27,1,28
agc co2,14,14,1,14,14,28
albedo_f ws_1,14,14,1,14,14,28
co2 albedo_f,14,14,1,14,14,28
doy hour,14,14,1,14,14,28
e_0 r_ref,14,14,1,14,14,28
fc fc_freqr,14,14,1,14,14,28
fc_cw qc_fc_cw,14,14,1,14,14,28
fc_cwu_f fc_cwu_gf,14,14,1,14,14,28
fc_cwu_gf qc_fc_cwu_gf,14,14,1,14,14,28
fc_freqr rg_f,14,14,1,14,14,28
fp_neenight fp_temp,14,14,1,14,14,28
fp_temp e_0,14,14,1,14,14,28
g1_f g2_f,14,14,1,14,14,28
g2_f g3_f,14,14,1,14,14,28
g3_f g4_f,14,14,1,14,14,28
gpp gpp_f,14,14,1,14,14,28
h_c_f qc_h_c_f,14,14,1,14,14,28
h_c_gf qc_h_c_gf,14,14,1,14,14,28
h_freqr le,14,14,1,14,14,28
hour fc_cw,14,14,1,14,14,28
le le_freqr,14,14,1,14,14,28
le_cw_f qc_le_cw_f,14,14,1,14,14,28
le_cw_gf qc_le_cw_gf,14,14,1,14,14,28
le_freqr fc,14,14,1,14,14,28
pa_1 rg_out_f,14,14,1,14,14,28
par_f par_out_f,14,14,1,14,14,28
par_out_f precip,14,14,1,14,14,28
potrad fp_neenight,14,14,1,14,14,28
qc_fc_cw fc_cwu_f,14,14,1,14,14,28
qc_h_c_f h_c_gf,14,14,1,14,14,28
qc_h_c_gf ust,14,14,1,14,14,28
qc_le_cw_f le_cw_gf,14,14,1,14,14,28
qc_le_cw_gf h_c_f,14,14,1,14,14,28
qc_rg_gf vpd_f,14,14,1,14,14,28
qc_rh_gf ta_f,14,14,1,14,14,28
qc_tau_c tau,14,14,1,14,14,28
qc_vpd_gf rh_f,14,14,1,14,14,28
r_ref reco,14,14,1,14,14,28
reco reco_f,14,14,1,14,14,28
reco_f gpp,14,14,1,14,14,28
rg_gf qc_rg_gf,14,14,1,14,14,28
rh_gf qc_rh_gf,14,14,1,14,14,28
rnet_f par_f,14,14,1,14,14,28
swc_1_f swc_2_f,14,14,1,14,14,28
ta_gf qc_ta_gf,14,14,1,14,14,28
tau tau_freqr,14,14,1,14,14,28
tau_c qc_tau_c,14,14,1,14,14,28
vpd_gf qc_vpd_gf,14,14,1,14,14,28
ws_1 wd,14,14,1,14,14,28
firn temperature,27,2,1,27,2,29
temperature salinity,112,5,4,28,1.25,29.25
alt record,15,15,1,15,15,30
avg_cloudfraction short,15,15,1,15,15,30
avg_iceeffectiveradius float,15,15,1,15,15,30
avg_liqeffectiveradius float,15,15,1,15,15,30
avg_retrieved_iwc float,15,15,1,15,15,30
avg_retrieved_lwc float,15,15,1,15,15,30
base time,15,15,1,15,15,30
cloudphasemask short,15,15,1,15,15,30
cloudretrievalmask short,15,15,1,15,15,30
double time,15,15,1,15,15,30
float alt,15,15,1,15,15,30
float avg_cloudfraction,15,15,1,15,15,30
float avg_iceeffectiveradius,15,15,1,15,15,30
float avg_liqeffectiveradius,15,15,1,15,15,30
float avg_retrieved_iwc,15,15,1,15,15,30
float avg_retrieved_lwc,15,15,1,15,15,30
float heights,15,15,1,15,15,30
float lat,15,15,1,15,15,30
heights float,15,15,1,15,15,30
instruments float,15,15,1,15,15,30
integer base,15,15,1,15,15,30
lat record,15,15,1,15,15,30
offset float,15,15,1,15,15,30
short cloudphasemask,15,15,1,15,15,30
short cloudretrievalmask,15,15,1,15,15,30
short instruments,15,15,1,15,15,30
time double,15,15,1,15,15,30
time offset,15,15,1,15,15,30
oxygen dissolved,101,3,3,33.666666666666664,1,34.666666666666664
cnr4 temperature,24,12,1,24,12,36
difference vegetation,24,12,1,24,12,36
normalized difference,24,12,1,24,12,36
radiation corrected,24,12,1,24,12,36
radiation downwelling,24,12,1,24,12,36
short wave,24,12,1,24,12,36
tram distance,24,12,1,24,12,36
vegetation index,24,12,1,24,12,36
rg_f rg_gf,37,37,2,18.5,18.5,37
rh_f rh_gf,37,37,2,18.5,18.5,37
ta_f ta_gf,37,37,2,18.5,18.5,37
vpd_f vpd_gf,37,37,2,18.5,18.5,37
layer time,36,1,1,36,1,37
meter simulated,36,1,1,36,1,37
model layer,36,1,1,36,1,37
simulated firn,36,1,1,36,1,37
record float,30,15,1,30,15,45
cast pressure,45,1,1,45,1,46
1 conductivity,46,1,1,46,1,47
1 salinity,46,1,1,46,1,47
1 temperature,46,1,1,46,1,47
2 conductivity,46,1,1,46,1,47
2 longitude,46,1,1,46,1,47
2 oxygen,46,1,1,46,1,47
date cast,46,1,1,46,1,47
latitude date,46,1,1,46,1,47
oxygen salinity,46,1,1,46,1,47
pressure temperature,151,4,3,50.333333333333336,1.3333333333333333,51.66666666666667
timestamp record,158,30,3,52.666666666666664,10,62.666666666666664
dissolved oxygen,202,3,3,67.33333333333333,1,68.33333333333333
air_temp time,136,8,2,68,4,72
conductivity probe,92,1,1,92,1,93
salinity probe,92,1,1,92,1,93
temperature probe,92,1,1,92,1,93
percent depth,98,1,1,98,1,99
depth pressure,99,1,1,99,1,100
oxygen percent,99,1,1,99,1,100
salinity dissolved,99,1,1,99,1,100
wave radiation,96,12,1,96,12,108
dist_corr timestamp,128,4,1,128,4,132
tram_distance dist_corr,132,5,1,132,5,137
probe 1,138,1,1,138,1,139
probe 2,138,1,1,138,1,139
sandvi tram_distance,134,6,1,134,6,140
albedo rn,135,7,1,135,7,142
batt_volt ptemp,135,7,1,135,7,142
cnr4_t_c cnr4_t_k,135,7,1,135,7,142
cnr4_t_k long_up_corr,135,7,1,135,7,142
count ndvi,135,7,1,135,7,142
long_dn cnr4_t_c,135,7,1,135,7,142
long_dn_corr rs_net,135,7,1,135,7,142
long_up long_dn,135,7,1,135,7,142
long_up_corr long_dn_corr,135,7,1,135,7,142
ndvi sandvi,135,7,1,135,7,142
plot count,135,7,1,135,7,142
ptemp targetmv,135,7,1,135,7,142
record batt_volt,135,7,1,135,7,142
rl_net albedo,135,7,1,135,7,142
rn air_temp,135,7,1,135,7,142
rs_net rl_net,135,7,1,135,7,142
sbtempc targtempc,135,7,1,135,7,142
short_dn long_up,135,7,1,135,7,142
short_up short_dn,135,7,1,135,7,142
targetmv sbtempc,135,7,1,135,7,142
targtempc short_up,135,7,1,135,7,142
time plot,147,19,1,147,19,166
scan sonar,211,1,1,211,1,212
